1	пенсионная	пенсионный	ADJ	_	Case=Nom|Degree=Pos|Gender=Fem|Number=Sing	_	_	_	@yuad1986m-words#00:44:30.158#00:44:30.615
2	реформа	реформа	NOUN	_	Animacy=Inan|Case=Nom|Gender=Fem|Number=Sing	_	_	_	@yuad1986m-words#00:44:30.615#00:44:31.072
3	в	в	ADP	_	_	_	_	_	@yuad1986m-words#00:44:31.380#00:44:31.615
4	две	два	NUM	_	Animacy=Inan|Case=Gen|Gender=Fem	_	_	_	@yuad1986m-words#00:44:31.615#00:44:31.850
5	тысячи	тысяча	NOUN	_	Animacy=Inan|Case=Gen|Gender=Fem|Number=Sing	_	_	_	@yuad1986m-words#00:44:31.850#00:44:32.085
6	одиннадцатом	одиннадцатый	ADJ	_	Case=Loc|Degree=Pos|Gender=Masc|Number=Sing	_	_	_	@yuad1986m-words#00:44:32.085#00:44:32.320
7	году	год	NOUN	_	Animacy=Inan|Case=Loc|Gender=Masc|Number=Sing	_	_	_	@yuad1986m-words#00:44:32.320#00:44:32.555
8	вы	вы	PRON	_	Case=Nom|Number=Plur|Person=2	_	_	_	@yuad1986m-words#00:44:32.555#00:44:32.790
9	сказали	сказать	VERB	_	Aspect=Perf|Mood=Ind|Number=Plur|Tense=Past|VerbForm=Fin|Voice=Act	_	_	_	@yuad1986m-words#00:44:32.790#00:44:33.025
10	/	/	PUNCT	_	_	_	_	_	@yuad1986m-words#00:44:33.025#00:44:33.260
11	что	что	SCONJ	_	_	_	_	_	@yuad1986m-words#00:44:33.260#00:44:33.495
12	пенсионная	пенсионный	ADJ	_	Case=Nom|Degree=Pos|Gender=Fem|Number=Sing	_	_	_	@yuad1986m-words#00:44:33.495#00:44:33.730
13	реформа	реформа	NOUN	_	Animacy=Inan|Case=Nom|Gender=Fem|Number=Sing	_	_	_	@yuad1986m-words#00:44:33.730#00:44:33.965
14	неизбежна	неизбежный	ADJ	_	Degree=Pos|Gender=Fem|Number=Sing|Variant=Short	_	_	_	@yuad1986m-words#00:44:33.965#00:44:34.200
15	иначе	иначе	ADV	_	Degree=Pos	_	_	_	@yuad1986m-words#00:44:34.389#00:44:34.700
16	деньги	деньги	NOUN	_	Animacy=Inan|Case=Nom|Gender=Fem|Number=Plur	_	_	_	@yuad1986m-words#00:44:34.700#00:44:35.011
17	кончатся	кончаться	VERB	_	Aspect=Imp|Mood=Ind|Number=Plur|Person=3|Tense=Fut|VerbForm=Fin|Voice=Mid	_	_	_	@yuad1986m-words#00:44:35.011#00:44:35.324
18	А	А	CCONJ	_	_	_	_	_	@yuad1986m-words#00:44:35.609#00:44:35.870
19	в	в	ADP	_	_	_	_	_	@yuad1986m-words#00:44:35.870#00:44:36.131
20	девятнадцатом	девятнадцатый	ADJ	_	Case=Loc|Degree=Pos|Gender=Masc|Number=Sing	_	_	_	@yuad1986m-words#00:44:36.131#00:44:36.393
21	вы	вы	PRON	_	Case=Nom|Number=Plur|Person=2	_	_	_	@yuad1986m-words#00:44:36.680#00:44:36.940
22	сказали	сказать	VERB	_	Aspect=Perf|Mood=Ind|Number=Plur|Tense=Past|VerbForm=Fin|Voice=Act	_	_	_	@yuad1986m-words#00:44:36.940#00:44:37.200
23	/	/	PUNCT	_	_	_	_	_	@yuad1986m-words#00:44:37.200#00:44:37.460
24	что	что	SCONJ	_	_	_	_	_	@yuad1986m-words#00:44:37.460#00:44:37.720
25	/	/	PUNCT	_	_	_	_	_	@yuad1986m-words#00:44:37.720#00:44:37.980
26	пенсионная	пенсионный	ADJ	_	Case=Nom|Degree=Pos|Gender=Fem|Number=Sing	_	_	_	@yuad1986m-words#00:44:37.980#00:44:38.240
27	реформа	реформа	NOUN	_	Animacy=Inan|Case=Nom|Gender=Fem|Number=Sing	_	_	_	@yuad1986m-words#00:44:38.240#00:44:38.500
28	это	это	PART	_	_	_	_	_	@yuad1986m-words#00:44:38.500#00:44:38.760
29	по	по	ADP	_	_	_	_	_	@yuad1986m-words#00:44:38.760#00:44:39.020
30	сути	суть	NOUN	_	Animacy=Inan|Case=Dat|Gender=Fem|Number=Sing	_	_	_	@yuad1986m-words#00:44:39.020#00:44:39.280
31	не	не	PART	_	_	_	_	_	@yuad1986m-words#00:44:39.280#00:44:39.540
32	реформа	реформа	NOUN	_	Animacy=Inan|Case=Nom|Gender=Fem|Number=Sing	_	_	_	@yuad1986m-words#00:44:39.540#00:44:39.800
33	а	а	CCONJ	_	_	_	_	_	@yuad1986m-words#00:44:39.800#00:44:40.060
34	изъятие	изъятие	NOUN	_	Animacy=Inan|Case=Nom|Gender=Neut|Number=Sing	_	_	_	@yuad1986m-words#00:44:40.060#00:44:40.320
35	у	у	ADP	_	_	_	_	_	@yuad1986m-words#00:44:40.320#00:44:40.580
36	граждан	гражданин	NOUN	_	Animacy=Anim|Case=Gen|Gender=Masc|Number=Plur	_	_	_	@yuad1986m-words#00:44:40.580#00:44:40.840
37	э	э	INTJ	_	_	_	_	_	@yuad1986m-words#00:44:40.840#00:44:41.100
38	денег	деньги	NOUN	_	Animacy=Inan|Case=Gen|Gender=Fem|Number=Plur	_	_	_	@yuad1986m-words#00:44:41.100#00:44:41.364
39	что	что	PRON	_	Case=Nom	_	_	_	@yuad1986m-words#00:44:41.722#00:44:41.927
40	изменилось	измениться	VERB	_	Aspect=Perf|Gender=Neut|Mood=Ind|Number=Sing|Tense=Past|VerbForm=Fin|Voice=Mid	_	_	_	@yuad1986m-words#00:44:41.927#00:44:42.132
41	за	за	ADP	_	_	_	_	_	@yuad1986m-words#00:44:42.132#00:44:42.337
42	восемь	восемь	NUM	_	Case=Nom	_	_	_	@yuad1986m-words#00:44:42.337#00:44:42.542
43	лет	год	NOUN	_	Animacy=Inan|Case=Gen|Gender=Masc|Number=Plur	_	_	_	@yuad1986m-words#00:44:42.542#00:44:42.747
44	?	?	PUNCT	_	_	_	_	_	@yuad1986m-words#00:44:42.747#00:44:42.952
45	угу	угу	INTJ	_	_	_	_	_	@yuad1986m-words#00:44:48.422#00:44:48.462
46	угу	угу	INTJ	_	_	_	_	_	@yuad1986m-words#00:45:05.800#00:45:05.960
47	угу	угу	INTJ	_	_	_	_	_	@yuad1986m-words#00:45:33.170#00:45:33.305
48	почему	почему	ADV	_	Degree=Pos	_	_	_	@yuad1986m-words#00:45:54.552#00:45:54.760
49	Путин	Путин	PROPN	_	Animacy=Anim|Case=Nom|Gender=Masc|Number=Sing	_	_	_	@yuad1986m-words#00:45:54.760#00:45:54.968
50	на	на	ADP	_	_	_	_	_	@yuad1986m-words#00:45:54.968#00:45:55.176
51	это	это	PRON	_	Animacy=Inan|Case=Acc|Gender=Neut|Number=Sing	_	_	_	@yuad1986m-words#00:45:55.176#00:45:55.384
52	пошёл	пойти	VERB	_	Aspect=Perf|Gender=Masc|Mood=Ind|Number=Sing|Tense=Past|VerbForm=Fin|Voice=Act	_	_	_	@yuad1986m-words#00:45:55.384#00:45:55.592
53	?	?	PUNCT	_	_	_	_	_	@yuad1986m-words#00:45:55.592#00:45:55.804
54	Но	но	CCONJ	_	_	_	_	_	@yuad1986m-words#00:45:56.124#00:45:56.407
55	это	это	PRON	_	Animacy=Inan|Case=Nom|Gender=Neut|Number=Sing	_	_	_	@yuad1986m-words#00:45:56.407#00:45:56.690
56	же	же	PART	_	_	_	_	_	@yuad1986m-words#00:45:56.690#00:45:56.973
57	очевидно	очевидный	ADJ	_	Degree=Pos|Gender=Neut|Number=Sing|Variant=Short	_	_	_	@yuad1986m-words#00:45:56.973#00:45:57.256
58	/	/	PUNCT	_	_	_	_	_	@yuad1986m-words#00:45:57.256#00:45:57.539
59	что	что	SCONJ	_	_	_	_	_	@yuad1986m-words#00:45:57.539#00:45:57.822
60	после	после	ADP	_	_	_	_	_	@yuad1986m-words#00:45:57.822#00:45:58.105
61	этого	это	PRON	_	Animacy=Inan|Case=Gen|Gender=Neut|Number=Sing	_	_	_	@yuad1986m-words#00:45:58.105#00:45:58.388
62	рейтинг	рейтинг	NOUN	_	Animacy=Inan|Case=Nom|Gender=Masc|Number=Sing	_	_	_	@yuad1986m-words#00:45:58.388#00:45:58.671
63	как	как	PART	_	_	_	_	_	@yuad1986m-words#00:45:58.671#00:45:58.954
64	бы	бы	PART	_	_	_	_	_	@yuad1986m-words#00:45:58.954#00:45:59.237
65	упадет	падать	VERB	_	Aspect=Perf|Mood=Ind|Number=Sing|Person=3|Tense=Fut|VerbForm=Fin|Voice=Act	_	_	_	@yuad1986m-words#00:45:59.237#00:45:59.520
66	вот	вот	PART	_	_	_	_	_	@yuad1986m-words#00:45:59.520#00:45:59.803
67	как	как	SCONJ	_	_	_	_	_	@yuad1986m-words#00:45:59.803#00:46:00.086
68	раз	раз	NOUN	_	Animacy=Inan|Case=Nom|Gender=Masc|Number=Sing	_	_	_	@yuad1986m-words#00:46:00.086#00:46:00.369
69	у	у	ADP	_	_	_	_	_	@yuad1986m-words#00:46:00.369#00:46:00.652
70	его	он	PRON	_	Case=Gen|Gender=Masc|Number=Sing|Person=3	_	_	_	@yuad1986m-words#00:46:00.652#00:46:00.935
71	эээ	эээ	INTJ	_	_	_	_	_	@yuad1986m-words#00:46:00.935#00:46:01.218
72	хардкорных	хардкорный	ADJ	_	Case=Gen|Degree=Pos|Number=Plur	_	_	_	@yuad1986m-words#00:46:01.218#00:46:01.501
73	фанатов	фанат	NOUN	_	Animacy=Anim|Case=Gen|Gender=Masc|Number=Plur	_	_	_	@yuad1986m-words#00:46:01.501#00:46:01.800
74	угу	угу	INTJ	_	_	_	_	_	@yuad1986m-words#00:46:31.078#00:46:31.149
75	у	у	ADP	_	_	_	_	_	@yuad1986m-words#00:47:08.449#00:47:08.692
76	вас	вы	PRON	_	Case=Gen|Number=Plur|Person=2	_	_	_	@yuad1986m-words#00:47:08.692#00:47:08.935
77	есть	быть	VERB	_	Aspect=Imp|Mood=Ind|Number=Sing|Person=3|Tense=Pres|VerbForm=Fin|Voice=Act	_	_	_	@yuad1986m-words#00:47:08.935#00:47:09.178
78	лекция	лекция	NOUN	_	Animacy=Inan|Case=Nom|Gender=Fem|Number=Sing	_	_	_	@yuad1986m-words#00:47:09.178#00:47:09.421
79	на	на	ADP	_	_	_	_	_	@yuad1986m-words#00:47:09.421#00:47:09.664
80	Дожде	Дождь	PROPN	_	Case=Loc	_	_	_	@yuad1986m-words#00:47:09.664#00:47:09.908
81	про	про	ADP	_	_	_	_	_	@yuad1986m-words#00:47:10.573#00:47:10.969
82	/	/	PUNCT	_	_	_	_	_	@yuad1986m-words#00:47:10.969#00:47:11.365
83	то	то	PRON	_	Animacy=Inan|Case=Acc|Gender=Neut|Number=Sing	_	_	_	@yuad1986m-words#00:47:11.365#00:47:11.761
84	что	что	SCONJ	_	_	_	_	_	@yuad1986m-words#00:47:11.761#00:47:12.157
85	/	/	PUNCT	_	_	_	_	_	@yuad1986m-words#00:47:12.157#00:47:12.553
86	красивые	красивый	ADJ	_	Case=Nom|Degree=Pos|Number=Plur	_	_	_	@yuad1986m-words#00:47:12.553#00:47:12.949
87	и	и	CCONJ	_	_	_	_	_	@yuad1986m-words#00:47:12.949#00:47:13.345
88	высокие	высокий	ADJ	_	Case=Nom|Degree=Pos|Number=Plur	_	_	_	@yuad1986m-words#00:47:13.345#00:47:13.741
89	получают	получать	VERB	_	Aspect=Imp|Mood=Ind|Number=Plur|Person=3|Tense=Pres|VerbForm=Fin|Voice=Act	_	_	_	@yuad1986m-words#00:47:13.741#00:47:14.137
90	больше	больше	ADV	_	Degree=Cmp	_	_	_	@yuad1986m-words#00:47:14.137#00:47:14.533
91	чем	что	SCONJ	_	_	_	_	_	@yuad1986m-words#00:47:14.533#00:47:14.929
92	/	/	PUNCT	_	_	_	_	_	@yuad1986m-words#00:47:14.929#00:47:15.325
93	ээ	ээ	INTJ	_	_	_	_	_	@yuad1986m-words#00:47:15.325#00:47:15.721
94	/	/	PUNCT	_	_	_	_	_	@yuad1986m-words#00:47:15.721#00:47:16.117
95	другие	другой	ADJ	_	Case=Nom|Degree=Pos|Number=Plur	_	_	_	@yuad1986m-words#00:47:16.117#00:47:16.520
96	но	но	CCONJ	_	_	_	_	_	@yuad1986m-words#00:47:17.316#00:47:17.789
97	вы	вы	PRON	_	Case=Nom|Number=Plur|Person=2	_	_	_	@yuad1986m-words#00:47:17.789#00:47:18.262
98	понимаете	понимать	VERB	_	Aspect=Imp|Mood=Ind|Number=Plur|Person=2|Tense=Pres|VerbForm=Fin|Voice=Act	_	_	_	@yuad1986m-words#00:47:18.262#00:47:18.735
99	что	что	SCONJ	_	_	_	_	_	@yuad1986m-words#00:47:18.735#00:47:19.208
100	евгеникой	евгеника	NOUN	_	Animacy=Inan|Case=Ins|Gender=Fem|Number=Sing	_	_	_	@yuad1986m-words#00:47:19.208#00:47:19.685
101	и	и	CCONJ	_	_	_	_	_	@yuad1986m-words#00:47:20.666#00:47:21.002
102	/	/	PUNCT	_	_	_	_	_	@yuad1986m-words#00:47:21.002#00:47:21.338
103	как	как	SCONJ	_	_	_	_	_	@yuad1986m-words#00:47:21.338#00:47:21.674
104	сле...	следовательно	ADV	_	Degree=Pos	_	_	_	@yuad1986m-words#00:47:21.674#00:47:22.010
105	следовательно	следовательно	ADV	_	Degree=Pos	_	_	_	@yuad1986m-words#00:47:22.010#00:47:22.346
106	фашизмом	фашизм	NOUN	_	Animacy=Inan|Case=Ins|Gender=Masc|Number=Sing	_	_	_	@yuad1986m-words#00:47:22.346#00:47:22.682
107	/	/	PUNCT	_	_	_	_	_	@yuad1986m-words#00:47:22.682#00:47:23.018
108	из	из	ADP	_	_	_	_	_	@yuad1986m-words#00:47:23.018#00:47:23.354
109	этой	этот	DET	_	Case=Gen|Gender=Fem|Number=Sing	_	_	_	@yuad1986m-words#00:47:23.354#00:47:23.690
110	лекции	лекция	NOUN	_	Animacy=Inan|Case=Gen|Gender=Fem|Number=Sing	_	_	_	@yuad1986m-words#00:47:23.690#00:47:24.026
111	прямо-таки	прямо-таки	PART	_	_	_	_	_	@yuad1986m-words#00:47:24.026#00:47:24.362
112	разит	разить	VERB	_	Aspect=Imp|Mood=Ind|Number=Sing|Person=3|Tense=Pres|VerbForm=Fin|Voice=Act	_	_	_	@yuad1986m-words#00:47:24.362#00:47:24.700
113	#смех#	#смех#	X	_	_	_	_	_	@yuad1986m-words#00:47:53.982#00:47:54.892
114	а	а	CCONJ	_	_	_	_	_	@yuad1986m-words#00:48:50.850#00:48:51.082
115	/	/	PUNCT	_	_	_	_	_	@yuad1986m-words#00:48:51.082#00:48:51.314
116	ну	ну	PART	_	_	_	_	_	@yuad1986m-words#00:48:51.314#00:48:51.546
117	вы	вы	PRON	_	Case=Nom|Number=Plur|Person=2	_	_	_	@yuad1986m-words#00:48:51.546#00:48:51.778
118	воспринимаете	воспринимать	VERB	_	Aspect=Imp|Mood=Ind|Number=Plur|Person=2|Tense=Pres|VerbForm=Fin|Voice=Act	_	_	_	@yuad1986m-words#00:48:51.778#00:48:52.010
119	это	это	PRON	_	Animacy=Inan|Case=Acc|Gender=Neut|Number=Sing	_	_	_	@yuad1986m-words#00:48:52.010#00:48:52.242
120	как	как	SCONJ	_	_	_	_	_	@yuad1986m-words#00:48:52.242#00:48:52.474
121	несправедливость	несправедливость	NOUN	_	Animacy=Inan|Case=Acc|Gender=Fem|Number=Sing	_	_	_	@yuad1986m-words#00:48:52.474#00:48:52.710
122	а	а	CCONJ	_	_	_	_	_	@yuad1986m-words#00:48:53.245#00:48:53.596
123	налог	налог	NOUN	_	Animacy=Inan|Case=Nom|Gender=Masc|Number=Sing	_	_	_	@yuad1986m-words#00:48:53.596#00:48:53.947
124	на	на	ADP	_	_	_	_	_	@yuad1986m-words#00:48:53.947#00:48:54.298
125	высоких	высокий	ADJ	_	Case=Acc|Degree=Pos|Number=Plur	_	_	_	@yuad1986m-words#00:48:54.298#00:48:54.649
126	это	это	PART	_	_	_	_	_	@yuad1986m-words#00:48:54.649#00:48:55.000
127	действительно	действительно	ADV	_	Degree=Pos	_	_	_	@yuad1986m-words#00:48:55.000#00:48:55.351
128	был	быть	VERB	_	Aspect=Imp|Gender=Masc|Mood=Ind|Number=Sing|Tense=Past|VerbForm=Fin|Voice=Act	_	_	_	@yuad1986m-words#00:48:55.351#00:48:55.702
129	такой	такой	DET	_	Case=Nom|Gender=Masc|Number=Sing	_	_	_	@yuad1986m-words#00:48:55.702#00:48:56.060
130	а	а	CCONJ	_	_	_	_	_	@yuad1986m-words#00:49:02.560#00:49:02.792
131	она	она	PRON	_	Case=Nom|Gender=Fem|Number=Sing|Person=3	_	_	_	@yuad1986m-words#00:49:02.792#00:49:03.024
132	кем-то	кто-то	PRON	_	Case=Ins	_	_	_	@yuad1986m-words#00:49:03.024#00:49:03.256
133	высказывалась	высказываться	VERB	_	Aspect=Imp|Gender=Fem|Mood=Ind|Number=Sing|Tense=Past|VerbForm=Fin|Voice=Mid	_	_	_	@yuad1986m-words#00:49:03.256#00:49:03.488
134	?	?	PUNCT	_	_	_	_	_	@yuad1986m-words#00:49:03.488#00:49:03.720
135	а	а	CCONJ	_	_	_	_	_	@yuad1986m-words#00:49:05.387#00:49:05.454
136	да	да	PART	_	_	_	_	_	@yuad1986m-words#00:49:16.423#00:49:16.660
137	мы	мы	PRON	_	Case=Nom|Number=Plur|Person=1	_	_	_	@yuad1986m-words#00:49:28.000#00:49:28.440
138	против	против	ADP	_	_	_	_	_	@yuad1986m-words#00:49:28.440#00:49:28.880
139	такого	такой	DET	_	Case=Gen|Gender=Masc|Number=Sing	_	_	_	@yuad1986m-words#00:49:28.880#00:49:29.320
140	со	с	ADP	_	_	_	_	_	@yuad1986m-words#00:49:29.455#00:49:29.921
141	всей	весь	DET	_	Case=Ins|Gender=Fem|Number=Sing	_	_	_	@yuad1986m-words#00:49:29.921#00:49:30.387
142	нашей	наш	DET	_	Case=Ins|Gender=Fem|Number=Sing	_	_	_	@yuad1986m-words#00:49:30.387#00:49:30.853
143	группой	группа	NOUN	_	Animacy=Inan|Case=Ins|Gender=Fem|Number=Sing	_	_	_	@yuad1986m-words#00:49:30.853#00:49:31.320
144	да	да	PART	_	_	_	_	_	@smg1971m-words#00:44:31.228#00:44:31.313
145	я	я	PRON	_	Case=Nom|Number=Sing|Person=1	_	_	_	@smg1971m-words#00:44:43.393#00:44:43.646
146	по-прежнему	по-прежнему	ADV	_	Degree=Pos	_	_	_	@smg1971m-words#00:44:43.646#00:44:43.899
147	считаю	считать	VERB	_	Aspect=Imp|Mood=Ind|Number=Sing|Person=1|Tense=Pres|VerbForm=Fin|Voice=Act	_	_	_	@smg1971m-words#00:44:43.899#00:44:44.152
148	что	что	SCONJ	_	_	_	_	_	@smg1971m-words#00:44:44.152#00:44:44.405
149	пенсионная	пенсионный	ADJ	_	Case=Nom|Degree=Pos|Gender=Fem|Number=Sing	_	_	_	@smg1971m-words#00:44:44.405#00:44:44.658
150	реформа	реформа	NOUN	_	Animacy=Inan|Case=Nom|Gender=Fem|Number=Sing	_	_	_	@smg1971m-words#00:44:44.658#00:44:44.911
151	нужна	нужный	ADJ	_	Degree=Pos|Gender=Fem|Number=Sing|Variant=Short	_	_	_	@smg1971m-words#00:44:44.911#00:44:45.164
152	/	/	PUNCT	_	_	_	_	_	@smg1971m-words#00:44:45.164#00:44:45.417
153	но	но	CCONJ	_	_	_	_	_	@smg1971m-words#00:44:45.417#00:44:45.670
154	я	я	PRON	_	Case=Nom|Number=Sing|Person=1	_	_	_	@smg1971m-words#00:44:45.670#00:44:45.923
155	не	не	PART	_	_	_	_	_	@smg1971m-words#00:44:45.923#00:44:46.176
156	считаю	считать	VERB	_	Aspect=Imp|Mood=Ind|Number=Sing|Person=1|Tense=Pres|VerbForm=Fin|Voice=Act	_	_	_	@smg1971m-words#00:44:46.176#00:44:46.429
157	что	что	SCONJ	_	_	_	_	_	@smg1971m-words#00:44:46.429#00:44:46.682
158	то	то	PRON	_	Animacy=Inan|Case=Nom|Gender=Neut|Number=Sing	_	_	_	@smg1971m-words#00:44:46.682#00:44:46.935
159	что	что	PRON	_	Case=Nom	_	_	_	@smg1971m-words#00:44:46.935#00:44:47.188
160	происходит	происходить	VERB	_	Aspect=Imp|Mood=Ind|Number=Sing|Person=3|Tense=Pres|VerbForm=Fin|Voice=Act	_	_	_	@smg1971m-words#00:44:47.188#00:44:47.441
161	/	/	PUNCT	_	_	_	_	_	@smg1971m-words#00:44:47.441#00:44:47.694
162	это	это	PART	_	_	_	_	_	@smg1971m-words#00:44:47.694#00:44:47.947
163	реформа	реформа	NOUN	_	Animacy=Inan|Case=Nom|Gender=Fem|Number=Sing	_	_	_	@smg1971m-words#00:44:47.947#00:44:48.200
164	то	то	SCONJ	_	Animacy=Inan|Case=Nom|Gender=Neut|Number=Sing	_	_	_	@smg1971m-words#00:44:48.556#00:44:48.815
165	что	что	PRON	_	Case=Nom	_	_	_	@smg1971m-words#00:44:48.815#00:44:49.074
166	происходит	происходить	VERB	_	Aspect=Imp|Mood=Ind|Number=Sing|Person=3|Tense=Pres|VerbForm=Fin|Voice=Act	_	_	_	@smg1971m-words#00:44:49.074#00:44:49.333
167	/	/	PUNCT	_	_	_	_	_	@smg1971m-words#00:44:49.333#00:44:49.592
168	это	это	DET	_	Case=Nom|Gender=Neut|Number=Sing	_	_	_	@smg1971m-words#00:44:49.592#00:44:49.851
169	изъятие	изъятие	NOUN	_	Animacy=Inan|Case=Nom|Gender=Neut|Number=Sing	_	_	_	@smg1971m-words#00:44:49.851#00:44:50.110
170	денег	деньги	NOUN	_	Animacy=Inan|Case=Gen|Gender=Fem|Number=Plur	_	_	_	@smg1971m-words#00:44:50.110#00:44:50.374
171	что	что	PRON	_	Case=Nom	_	_	_	@smg1971m-words#00:44:50.880#00:44:51.097
172	такое	такой	DET	_	Case=Nom|Gender=Neut|Number=Sing	_	_	_	@smg1971m-words#00:44:51.097#00:44:51.314
173	пенсионная	пенсионный	ADJ	_	Case=Nom|Degree=Pos|Gender=Fem|Number=Sing	_	_	_	@smg1971m-words#00:44:51.314#00:44:51.531
174	реформа	реформа	NOUN	_	Animacy=Inan|Case=Nom|Gender=Fem|Number=Sing	_	_	_	@smg1971m-words#00:44:51.531#00:44:51.748
175	?	?	PUNCT	_	_	_	_	_	@smg1971m-words#00:44:51.748#00:44:51.965
176	пенсионная	пенсионный	ADJ	_	Case=Nom|Degree=Pos|Gender=Fem|Number=Sing	_	_	_	@smg1971m-words#00:44:52.128#00:44:52.361
177	реформа	реформа	NOUN	_	Animacy=Inan|Case=Nom|Gender=Fem|Number=Sing	_	_	_	@smg1971m-words#00:44:52.361#00:44:52.594
178	/	/	PUNCT	_	_	_	_	_	@smg1971m-words#00:44:52.594#00:44:52.827
179	это	это	PART	_	_	_	_	_	@smg1971m-words#00:44:52.827#00:44:53.060
180	когда	когда	SCONJ	_	_	_	_	_	@smg1971m-words#00:44:53.060#00:44:53.293
181	вы	вы	PRON	_	Case=Nom|Number=Plur|Person=2	_	_	_	@smg1971m-words#00:44:53.293#00:44:53.528
182	балансируете	балансировать	VERB	_	Aspect=Imp|Mood=Ind|Number=Plur|Person=2|Tense=Pres|VerbForm=Fin|Voice=Act	_	_	_	@smg1971m-words#00:44:53.921#00:44:54.465
183	пенсионную	пенсионный	ADJ	_	Case=Acc|Degree=Pos|Gender=Fem|Number=Sing	_	_	_	@smg1971m-words#00:44:54.465#00:44:55.009
184	систему	система	NOUN	_	Animacy=Inan|Case=Acc|Gender=Fem|Number=Sing	_	_	_	@smg1971m-words#00:44:55.009#00:44:55.554
185	но	но	CCONJ	_	_	_	_	_	@smg1971m-words#00:44:56.133#00:44:56.490
186	даете	давать	VERB	_	Aspect=Imp|Mood=Ind|Number=Plur|Person=2|Tense=Pres|VerbForm=Fin|Voice=Act	_	_	_	@smg1971m-words#00:44:57.295#00:44:57.706
187	возможность	возможность	NOUN	_	Animacy=Inan|Case=Acc|Gender=Fem|Number=Sing	_	_	_	@smg1971m-words#00:44:57.706#00:44:58.117
188	молодым	молодой	ADJ	_	Case=Dat|Degree=Pos|Number=Plur	_	_	_	@smg1971m-words#00:44:58.117#00:44:58.528
189	людям	человек	NOUN	_	Animacy=Anim|Case=Dat|Gender=Masc|Number=Plur	_	_	_	@smg1971m-words#00:44:58.528#00:44:58.939
190	/	/	PUNCT	_	_	_	_	_	@smg1971m-words#00:44:58.939#00:44:59.350
191	накопить	накопить	VERB	_	Aspect=Perf|VerbForm=Inf|Voice=Act	_	_	_	@smg1971m-words#00:44:59.350#00:44:59.761
192	деньги	деньги	NOUN	_	Animacy=Inan|Case=Acc|Gender=Fem|Number=Plur	_	_	_	@smg1971m-words#00:44:59.761#00:45:00.172
193	на	на	ADP	_	_	_	_	_	@smg1971m-words#00:45:00.172#00:45:00.583
194	старость	старость	NOUN	_	Animacy=Inan|Case=Acc|Gender=Fem|Number=Sing	_	_	_	@smg1971m-words#00:45:00.583#00:45:01.000
195	а	а	CCONJ	_	_	_	_	_	@smg1971m-words#00:45:01.183#00:45:01.521
196	пожилым	пожилой	ADJ	_	Case=Dat|Degree=Pos|Number=Plur	_	_	_	@smg1971m-words#00:45:01.521#00:45:01.859
197	людям	человек	NOUN	_	Animacy=Anim|Case=Dat|Gender=Masc|Number=Plur	_	_	_	@smg1971m-words#00:45:01.859#00:45:02.197
198	которые	который	PRON	_	Case=Nom|Number=Plur	_	_	_	@smg1971m-words#00:45:02.197#00:45:02.535
199	уже	уже	ADV	_	Degree=Pos	_	_	_	@smg1971m-words#00:45:02.535#00:45:02.873
200	внесли	внести	VERB	_	Aspect=Perf|Mood=Ind|Number=Plur|Tense=Past|VerbForm=Fin|Voice=Act	_	_	_	@smg1971m-words#00:45:02.873#00:45:03.211
201	свой	свой	DET	_	Case=Acc|Gender=Masc|Number=Sing	_	_	_	@smg1971m-words#00:45:03.211#00:45:03.549
202	вклад	вклад	NOUN	_	Animacy=Inan|Case=Acc|Gender=Masc|Number=Sing	_	_	_	@smg1971m-words#00:45:03.549#00:45:03.887
203	в	в	ADP	_	_	_	_	_	@smg1971m-words#00:45:03.887#00:45:04.225
204	формирование	формирование	NOUN	_	Animacy=Inan|Case=Acc|Gender=Neut|Number=Sing	_	_	_	@smg1971m-words#00:45:04.225#00:45:04.563
205	пенсионного	пенсионный	ADJ	_	Case=Gen|Degree=Pos|Gender=Masc|Number=Sing	_	_	_	@smg1971m-words#00:45:04.563#00:45:04.901
206	котла	котел	NOUN	_	Animacy=Inan|Case=Gen|Gender=Masc|Number=Sing	_	_	_	@smg1971m-words#00:45:05.240#00:45:05.475
207	/	/	PUNCT	_	_	_	_	_	@smg1971m-words#00:45:05.475#00:45:05.710
208	если	если	SCONJ	_	_	_	_	_	@smg1971m-words#00:45:05.710#00:45:05.945
209	хотите	хотеть	VERB	_	Aspect=Imp|Mood=Ind|Number=Plur|Person=2|Tense=Pres|VerbForm=Fin|Voice=Act	_	_	_	@smg1971m-words#00:45:05.945#00:45:06.180
210	/	/	PUNCT	_	_	_	_	_	@smg1971m-words#00:45:06.180#00:45:06.415
211	бюджета	бюджет	NOUN	_	Animacy=Inan|Case=Gen|Gender=Masc|Number=Sing	_	_	_	@smg1971m-words#00:45:06.415#00:45:06.651
212	вы	вы	PRON	_	Case=Nom|Number=Plur|Person=2	_	_	_	@smg1971m-words#00:45:07.032#00:45:07.296
213	отдаете	отдавать	VERB	_	Aspect=Imp|Mood=Ind|Number=Plur|Person=2|Tense=Pres|VerbForm=Fin|Voice=Act	_	_	_	@smg1971m-words#00:45:07.296#00:45:07.560
214	то	то	PRON	_	Animacy=Inan|Case=Acc|Gender=Neut|Number=Sing	_	_	_	@smg1971m-words#00:45:07.560#00:45:07.824
215	что	что	PRON	_	Case=Acc	_	_	_	@smg1971m-words#00:45:07.824#00:45:08.088
216	они	они	PRON	_	Case=Nom|Number=Plur|Person=3	_	_	_	@smg1971m-words#00:45:08.088#00:45:08.352
217	заработали	заработать	VERB	_	Aspect=Perf|Mood=Ind|Number=Plur|Tense=Past|VerbForm=Fin|Voice=Act	_	_	_	@smg1971m-words#00:45:08.352#00:45:08.616
218	/	/	PUNCT	_	_	_	_	_	@smg1971m-words#00:45:08.616#00:45:08.880
219	то	то	PRON	_	Animacy=Inan|Case=Acc|Gender=Neut|Number=Sing	_	_	_	@smg1971m-words#00:45:08.880#00:45:09.144
220	что	что	PRON	_	Case=Acc	_	_	_	@smg1971m-words#00:45:09.144#00:45:09.408
221	вы	вы	PRON	_	Case=Nom|Number=Plur|Person=2	_	_	_	@smg1971m-words#00:45:09.408#00:45:09.672
222	им	они	PRON	_	Case=Dat|Number=Plur|Person=3	_	_	_	@smg1971m-words#00:45:09.672#00:45:09.936
223	пообещали	пообещать	VERB	_	Aspect=Perf|Mood=Ind|Number=Plur|Tense=Past|VerbForm=Fin|Voice=Act	_	_	_	@smg1971m-words#00:45:09.936#00:45:10.203
224	то	то	PRON	_	Animacy=Inan|Case=Acc|Gender=Neut|Number=Sing	_	_	_	@smg1971m-words#00:45:10.705#00:45:10.974
225	/	/	PUNCT	_	_	_	_	_	@smg1971m-words#00:45:10.974#00:45:11.243
226	что	что	PRON	_	Case=Nom	_	_	_	@smg1971m-words#00:45:11.243#00:45:11.512
227	происходит	происходить	VERB	_	Aspect=Imp|Mood=Ind|Number=Sing|Person=3|Tense=Pres|VerbForm=Fin|Voice=Act	_	_	_	@smg1971m-words#00:45:11.512#00:45:11.781
228	сейчас	сейчас	ADV	_	Degree=Pos	_	_	_	@smg1971m-words#00:45:11.781#00:45:12.050
229	/	/	PUNCT	_	_	_	_	_	@smg1971m-words#00:45:12.050#00:45:12.319
230	это	это	PART	_	_	_	_	_	@smg1971m-words#00:45:12.319#00:45:12.588
231	конфискация	конфискация	NOUN	_	Animacy=Inan|Case=Nom|Gender=Fem|Number=Sing	_	_	_	@smg1971m-words#00:45:12.588#00:45:12.863
232	пенсионной	пенсионный	ADJ	_	Case=Ins|Degree=Pos|Gender=Fem|Number=Sing	_	_	_	@smg1971m-words#00:45:13.215#00:45:13.558
233	реформой	реформа	NOUN	_	Animacy=Inan|Case=Ins|Gender=Fem|Number=Sing	_	_	_	@smg1971m-words#00:45:13.558#00:45:13.901
234	можно	можно	ADV	_	Degree=Pos	_	_	_	@smg1971m-words#00:45:13.901#00:45:14.244
235	назвать	назвать	VERB	_	Aspect=Perf|VerbForm=Inf|Voice=Act	_	_	_	@smg1971m-words#00:45:14.244#00:45:14.587
236	то	то	PRON	_	Animacy=Inan|Case=Acc|Gender=Neut|Number=Sing	_	_	_	@smg1971m-words#00:45:14.587#00:45:14.930
237	что	что	PRON	_	Case=Nom	_	_	_	@smg1971m-words#00:45:14.930#00:45:15.273
238	происходило	происходить	VERB	_	Aspect=Imp|Gender=Neut|Mood=Ind|Number=Sing|Tense=Past|VerbForm=Fin|Voice=Act	_	_	_	@smg1971m-words#00:45:15.273#00:45:15.616
239	в	в	ADP	_	_	_	_	_	@smg1971m-words#00:45:15.616#00:45:15.959
240	начале	начало	NOUN	_	Animacy=Inan|Case=Loc|Gender=Neut|Number=Sing	_	_	_	@smg1971m-words#00:45:15.959#00:45:16.302
241	двухтысячных	двухтысячный	ADJ	_	Case=Gen|Degree=Pos|Number=Plur	_	_	_	@smg1971m-words#00:45:16.302#00:45:16.645
242	годов	год	NOUN	_	Animacy=Inan|Case=Gen|Gender=Masc|Number=Plur	_	_	_	@smg1971m-words#00:45:16.645#00:45:16.988
243	когда	когда	SCONJ	_	_	_	_	_	@smg1971m-words#00:45:16.988#00:45:17.342
244	мне	я	PRON	_	Case=Dat|Number=Sing|Person=1	_	_	_	@smg1971m-words#00:45:17.842#00:45:18.129
245	кажется	казаться	VERB	_	Aspect=Imp|Mood=Ind|Number=Sing|Person=3|Tense=Pres|VerbForm=Fin|Voice=Mid	_	_	_	@smg1971m-words#00:45:18.129#00:45:18.416
246	в	в	ADP	_	_	_	_	_	@smg1971m-words#00:45:18.416#00:45:18.703
247	две	два	NUM	_	Animacy=Inan|Case=Nom|Gender=Fem	_	_	_	@smg1971m-words#00:45:18.703#00:45:18.990
248	тысячи	тысяча	NOUN	_	Animacy=Inan|Case=Gen|Gender=Fem|Number=Sing	_	_	_	@smg1971m-words#00:45:18.990#00:45:19.277
249	втором	второй	ADJ	_	Case=Loc|Degree=Pos|Gender=Masc|Number=Sing	_	_	_	@smg1971m-words#00:45:19.277#00:45:19.564
250	году	год	NOUN	_	Animacy=Inan|Case=Loc|Gender=Masc|Number=Sing	_	_	_	@smg1971m-words#00:45:19.564#00:45:19.851
251	/	/	PUNCT	_	_	_	_	_	@smg1971m-words#00:45:19.851#00:45:20.138
252	была	быть	AUX	_	Aspect=Imp|Gender=Fem|Mood=Ind|Number=Sing|Tense=Past|VerbForm=Fin|Voice=Act	_	_	_	@smg1971m-words#00:45:20.138#00:45:20.425
253	проведена	провести	VERB	_	Aspect=Perf|Gender=Fem|Number=Sing|Tense=Past|Variant=Short|VerbForm=Part|Voice=Pass	_	_	_	@smg1971m-words#00:45:20.425#00:45:20.712
254	пенсионная	пенсионный	ADJ	_	Case=Nom|Degree=Pos|Gender=Fem|Number=Sing	_	_	_	@smg1971m-words#00:45:20.712#00:45:20.999
255	реформа	реформа	NOUN	_	Animacy=Inan|Case=Nom|Gender=Fem|Number=Sing	_	_	_	@smg1971m-words#00:45:20.999#00:45:21.286
256	/	/	PUNCT	_	_	_	_	_	@smg1971m-words#00:45:21.286#00:45:21.573
257	где	где	ADV	_	Degree=Pos	_	_	_	@smg1971m-words#00:45:21.573#00:45:21.860
258	людям	человек	NOUN	_	Animacy=Anim|Case=Dat|Gender=Masc|Number=Plur	_	_	_	@smg1971m-words#00:45:21.860#00:45:22.147
259	старше	старший	ADJ	_	Degree=Cmp	_	_	_	@smg1971m-words#00:45:22.147#00:45:22.434
260	шестидесяти...	шестьдесят	NUM	_	Case=Gen	_	_	_	@smg1971m-words#00:45:22.434#00:45:22.721
261	шестьдесят	шестьдесят	NUM	_	Case=Nom	_	_	_	@smg1971m-words#00:45:22.721#00:45:23.008
262	седьмого	седьмой	ADJ	_	Case=Gen|Degree=Pos|Gender=Masc|Number=Sing	_	_	_	@smg1971m-words#00:45:23.008#00:45:23.295
263	года	год	NOUN	_	Animacy=Inan|Case=Gen|Gender=Masc|Number=Sing	_	_	_	@smg1971m-words#00:45:23.295#00:45:23.582
264	рождения	рождение	NOUN	_	Animacy=Inan|Case=Gen|Gender=Neut|Number=Sing	_	_	_	@smg1971m-words#00:45:23.582#00:45:23.869
265	сказали	сказать	VERB	_	Aspect=Perf|Mood=Ind|Number=Plur|Tense=Past|VerbForm=Fin|Voice=Act	_	_	_	@smg1971m-words#00:45:23.869#00:45:24.165
266	для	для	ADP	_	_	_	_	_	@smg1971m-words#00:45:24.909#00:45:25.124
267	вас	вы	PRON	_	Case=Gen|Number=Plur|Person=2	_	_	_	@smg1971m-words#00:45:25.124#00:45:25.339
268	все	все	PRON	_	Animacy=Inan|Case=Nom|Gender=Neut|Number=Sing	_	_	_	@smg1971m-words#00:45:25.339#00:45:25.554
269	будет	быть	VERB	_	Aspect=Imp|Mood=Ind|Number=Sing|Person=3|Tense=Fut|VerbForm=Fin|Voice=Act	_	_	_	@smg1971m-words#00:45:25.554#00:45:25.769
270	как	как	SCONJ	_	_	_	_	_	@smg1971m-words#00:45:25.769#00:45:25.984
271	раньше	рано	ADV	_	Degree=Cmp	_	_	_	@smg1971m-words#00:45:25.984#00:45:26.204
272	ничё	ниче	PRON	_	Animacy=Inan|Case=Acc|Gender=Neut|Number=Sing	_	_	_	@smg1971m-words#00:45:26.617#00:45:26.907
273	не	не	PART	_	_	_	_	_	@smg1971m-words#00:45:26.907#00:45:27.197
274	изменится	измениться	VERB	_	Aspect=Perf|Mood=Ind|Number=Sing|Person=3|Tense=Fut|VerbForm=Fin|Voice=Mid	_	_	_	@smg1971m-words#00:45:27.197#00:45:27.487
275	/	/	PUNCT	_	_	_	_	_	@smg1971m-words#00:45:27.487#00:45:27.777
276	младше	младший	ADJ	_	Degree=Cmp	_	_	_	@smg1971m-words#00:45:27.777#00:45:28.067
277	шестьдесят	шестьдесят	NUM	_	Case=Nom	_	_	_	@smg1971m-words#00:45:28.067#00:45:28.357
278	седьмого	седьмой	ADJ	_	Case=Gen|Degree=Pos|Gender=Masc|Number=Sing	_	_	_	@smg1971m-words#00:45:28.357#00:45:28.647
279	года	год	NOUN	_	Animacy=Inan|Case=Gen|Gender=Masc|Number=Sing	_	_	_	@smg1971m-words#00:45:28.647#00:45:28.937
280	рождения	рождение	NOUN	_	Animacy=Inan|Case=Gen|Gender=Neut|Number=Sing	_	_	_	@smg1971m-words#00:45:28.937#00:45:29.227
281	сказали	сказать	VERB	_	Aspect=Perf|Mood=Ind|Number=Plur|Tense=Past|VerbForm=Fin|Voice=Act	_	_	_	@smg1971m-words#00:45:29.227#00:45:29.520
282	для	для	ADP	_	_	_	_	_	@smg1971m-words#00:45:29.845#00:45:30.070
283	вас	вы	PRON	_	Case=Gen|Number=Plur|Person=2	_	_	_	@smg1971m-words#00:45:30.070#00:45:30.295
284	теперь	теперь	ADV	_	Degree=Pos	_	_	_	@smg1971m-words#00:45:30.295#00:45:30.520
285	есть	быть	VERB	_	Aspect=Imp|Mood=Ind|Number=Sing|Person=3|Tense=Pres|VerbForm=Fin|Voice=Act	_	_	_	@smg1971m-words#00:45:30.520#00:45:30.745
286	накопительная	накопительный	ADJ	_	Case=Nom|Degree=Pos|Gender=Fem|Number=Sing	_	_	_	@smg1971m-words#00:45:30.745#00:45:30.970
287	система	система	NOUN	_	Animacy=Inan|Case=Nom|Gender=Fem|Number=Sing	_	_	_	@smg1971m-words#00:45:30.970#00:45:31.195
288	/	/	PUNCT	_	_	_	_	_	@smg1971m-words#00:45:31.195#00:45:31.420
289	вы	вы	PRON	_	Case=Nom|Number=Plur|Person=2	_	_	_	@smg1971m-words#00:45:31.420#00:45:31.645
290	должны	должен	ADJ	_	Degree=Pos|Number=Plur|Variant=Short	_	_	_	@smg1971m-words#00:45:31.645#00:45:31.870
291	сберегать	сберегать	VERB	_	Aspect=Imp|VerbForm=Inf|Voice=Act	_	_	_	@smg1971m-words#00:45:31.870#00:45:32.095
292	/	/	PUNCT	_	_	_	_	_	@smg1971m-words#00:45:32.095#00:45:32.320
293	думать	думать	VERB	_	Aspect=Imp|VerbForm=Inf|Voice=Act	_	_	_	@smg1971m-words#00:45:32.320#00:45:32.545
294	о	о	ADP	_	_	_	_	_	@smg1971m-words#00:45:32.545#00:45:32.770
295	том	то	PRON	_	Animacy=Inan|Case=Loc|Gender=Neut|Number=Sing	_	_	_	@smg1971m-words#00:45:32.770#00:45:33.000
296	как	как	SCONJ	_	_	_	_	_	@smg1971m-words#00:45:33.321#00:45:33.627
297	вы	вы	PRON	_	Case=Nom|Number=Plur|Person=2	_	_	_	@smg1971m-words#00:45:33.627#00:45:33.933
298	будете	быть	AUX	_	Aspect=Imp|Mood=Ind|Number=Plur|Person=2|Tense=Fut|VerbForm=Fin|Voice=Act	_	_	_	@smg1971m-words#00:45:33.933#00:45:34.239
299	платить	платить	VERB	_	Aspect=Imp|VerbForm=Inf|Voice=Act	_	_	_	@smg1971m-words#00:45:34.239#00:45:34.545
300	себе	себя	PRON	_	Case=Dat	_	_	_	@smg1971m-words#00:45:34.545#00:45:34.851
301	пенсию	пенсия	NOUN	_	Animacy=Inan|Case=Acc|Gender=Fem|Number=Sing	_	_	_	@smg1971m-words#00:45:34.851#00:45:35.157
302	в	в	ADP	_	_	_	_	_	@smg1971m-words#00:45:35.157#00:45:35.463
303	будущем	будущее	NOUN	_	Animacy=Inan|Case=Loc|Gender=Neut|Number=Sing	_	_	_	@smg1971m-words#00:45:35.463#00:45:35.775
304	эта	этот	DET	_	Case=Nom|Gender=Fem|Number=Sing	_	_	_	@smg1971m-words#00:45:36.058#00:45:36.397
305	реформа	реформа	NOUN	_	Animacy=Inan|Case=Nom|Gender=Fem|Number=Sing	_	_	_	@smg1971m-words#00:45:36.397#00:45:36.736
306	похоронена	хоронить	VERB	_	Aspect=Perf|Gender=Fem|Number=Sing|Tense=Past|Variant=Short|VerbForm=Part|Voice=Pass	_	_	_	@smg1971m-words#00:45:36.736#00:45:37.075
307	уже	уже	ADV	_	Degree=Pos	_	_	_	@smg1971m-words#00:45:37.075#00:45:37.414
308	несколько	несколько	NUM	_	Animacy=Inan|Case=Acc	_	_	_	@smg1971m-words#00:45:37.414#00:45:37.753
309	раз	раз	NOUN	_	Animacy=Inan|Case=Gen|Gender=Masc|Number=Plur	_	_	_	@smg1971m-words#00:45:37.753#00:45:38.094
310	вот	вот	PART	_	_	_	_	_	@smg1971m-words#00:45:38.990#00:45:39.160
311	то	то	PRON	_	Animacy=Inan|Case=Nom|Gender=Neut|Number=Sing	_	_	_	@smg1971m-words#00:45:39.291#00:45:39.562
312	/	/	PUNCT	_	_	_	_	_	@smg1971m-words#00:45:39.562#00:45:39.833
313	что	что	PRON	_	Case=Nom	_	_	_	@smg1971m-words#00:45:39.833#00:45:40.104
314	произошло	произойти	VERB	_	Aspect=Perf|Gender=Neut|Mood=Ind|Number=Sing|Tense=Past|VerbForm=Fin|Voice=Act	_	_	_	@smg1971m-words#00:45:40.104#00:45:40.375
315	в	в	ADP	_	_	_	_	_	@smg1971m-words#00:45:40.375#00:45:40.646
316	восемнадцатом	восемнадцатый	ADJ	_	Case=Loc|Degree=Pos|Gender=Masc|Number=Sing	_	_	_	@smg1971m-words#00:45:40.646#00:45:40.917
317	году	год	NOUN	_	Animacy=Inan|Case=Loc|Gender=Masc|Number=Sing	_	_	_	@smg1971m-words#00:45:40.917#00:45:41.188
318	/	/	PUNCT	_	_	_	_	_	@smg1971m-words#00:45:41.188#00:45:41.459
319	это	это	PART	_	_	_	_	_	@smg1971m-words#00:45:41.459#00:45:41.730
320	ситуация	ситуация	NOUN	_	Animacy=Inan|Case=Nom|Gender=Fem|Number=Sing	_	_	_	@smg1971m-words#00:45:41.730#00:45:42.001
321	/	/	PUNCT	_	_	_	_	_	@smg1971m-words#00:45:42.001#00:45:42.272
322	где	где	ADV	_	Degree=Pos	_	_	_	@smg1971m-words#00:45:42.272#00:45:42.543
323	правительство	правительство	NOUN	_	Animacy=Inan|Case=Nom|Gender=Neut|Number=Sing	_	_	_	@smg1971m-words#00:45:42.543#00:45:42.814
324	сказало	сказать	VERB	_	Aspect=Perf|Gender=Neut|Mood=Ind|Number=Sing|Tense=Past|VerbForm=Fin|Voice=Act	_	_	_	@smg1971m-words#00:45:42.814#00:45:43.085
325	/	/	PUNCT	_	_	_	_	_	@smg1971m-words#00:45:43.085#00:45:43.356
326	мы	мы	PRON	_	Case=Nom|Number=Plur|Person=1	_	_	_	@smg1971m-words#00:45:43.356#00:45:43.627
327	проведем	провести	VERB	_	Aspect=Imp|Mood=Ind|Number=Plur|Person=1|Tense=Fut|VerbForm=Fin|Voice=Act	_	_	_	@smg1971m-words#00:45:43.627#00:45:43.898
328	пенсионную	пенсионный	ADJ	_	Case=Acc|Degree=Pos|Gender=Fem|Number=Sing	_	_	_	@smg1971m-words#00:45:43.898#00:45:44.169
329	реформу	реформа	NOUN	_	Animacy=Inan|Case=Acc|Gender=Fem|Number=Sing	_	_	_	@smg1971m-words#00:45:44.169#00:45:44.456
330	но	но	CCONJ	_	_	_	_	_	@smg1971m-words#00:45:44.860#00:45:45.044
331	несмотря	несмотря	ADV	_	Polarity=Neg	_	_	_	@smg1971m-words#00:45:45.044#00:45:45.228
332	на	на	ADP	_	_	_	_	_	@smg1971m-words#00:45:45.228#00:45:45.412
333	то	то	PART	_	_	_	_	_	@smg1971m-words#00:45:45.412#00:45:45.596
334	/	/	PUNCT	_	_	_	_	_	@smg1971m-words#00:45:45.596#00:45:45.780
335	что	что	SCONJ	_	_	_	_	_	@smg1971m-words#00:45:45.780#00:45:45.964
336	вы	вы	PRON	_	Case=Nom|Number=Plur|Person=2	_	_	_	@smg1971m-words#00:45:45.964#00:45:46.148
337	уже	уже	ADV	_	Degree=Pos	_	_	_	@smg1971m-words#00:45:46.148#00:45:46.339
338	тридцать	тридцать	NUM	_	Case=Nom	_	_	_	@smg1971m-words#00:45:46.601#00:45:46.863
339	или	или	CCONJ	_	_	_	_	_	@smg1971m-words#00:45:46.863#00:45:47.125
340	сорок	сорок	NUM	_	Case=Nom	_	_	_	@smg1971m-words#00:45:47.125#00:45:47.387
341	лет	год	NOUN	_	Animacy=Inan|Case=Gen|Gender=Masc|Number=Plur	_	_	_	@smg1971m-words#00:45:47.387#00:45:47.650
342	платили	платить	VERB	_	Aspect=Imp|Mood=Ind|Number=Plur|Tense=Past|VerbForm=Fin|Voice=Act	_	_	_	@smg1971m-words#00:45:48.425#00:45:48.650
343	налоги	налог	NOUN	_	Animacy=Inan|Case=Acc|Gender=Masc|Number=Plur	_	_	_	@smg1971m-words#00:45:48.650#00:45:48.875
344	для	для	ADP	_	_	_	_	_	@smg1971m-words#00:45:48.875#00:45:49.100
345	того	то	PRON	_	Animacy=Inan|Case=Gen|Gender=Neut|Number=Sing	_	_	_	@smg1971m-words#00:45:49.100#00:45:49.325
346	чтобы	чтобы	SCONJ	_	Mood=Cnd	_	_	_	@smg1971m-words#00:45:49.325#00:45:49.550
347	мы	мы	PRON	_	Case=Nom|Number=Plur|Person=1	_	_	_	@smg1971m-words#00:45:49.550#00:45:49.775
348	/	/	PUNCT	_	_	_	_	_	@smg1971m-words#00:45:49.775#00:45:50.000
349	платили	платить	VERB	_	Aspect=Imp|Mood=Ind|Number=Plur|Tense=Past|VerbForm=Fin|Voice=Act	_	_	_	@smg1971m-words#00:45:50.000#00:45:50.225
350	вам	вы	PRON	_	Case=Dat|Number=Plur|Person=2	_	_	_	@smg1971m-words#00:45:50.225#00:45:50.450
351	пенсию	пенсия	NOUN	_	Animacy=Inan|Case=Acc|Gender=Fem|Number=Sing	_	_	_	@smg1971m-words#00:45:50.450#00:45:50.675
352	/	/	PUNCT	_	_	_	_	_	@smg1971m-words#00:45:50.675#00:45:50.900
353	мы	мы	PRON	_	Case=Nom|Number=Plur|Person=1	_	_	_	@smg1971m-words#00:45:50.900#00:45:51.125
354	вам	вы	PRON	_	Case=Dat|Number=Plur|Person=2	_	_	_	@smg1971m-words#00:45:51.125#00:45:51.350
355	платить	платить	VERB	_	Aspect=Imp|VerbForm=Inf|Voice=Act	_	_	_	@smg1971m-words#00:45:51.350#00:45:51.575
356	не	не	PART	_	_	_	_	_	@smg1971m-words#00:45:51.575#00:45:51.800
357	будем	быть	AUX	_	Aspect=Imp|Mood=Ind|Number=Plur|Person=1|Tense=Fut|VerbForm=Fin|Voice=Act	_	_	_	@smg1971m-words#00:45:51.800#00:45:52.034
358	в	в	ADP	_	_	_	_	_	@smg1971m-words#00:45:52.100#00:45:52.481
359	течение	течение	NOUN	_	Animacy=Inan|Case=Acc|Gender=Neut|Number=Sing	_	_	_	@smg1971m-words#00:45:52.481#00:45:52.862
360	дополнительных	дополнительный	ADJ	_	Case=Gen|Degree=Pos|Number=Plur	_	_	_	@smg1971m-words#00:45:52.862#00:45:53.243
361	пяти	пять	NUM	_	Case=Gen	_	_	_	@smg1971m-words#00:45:53.243#00:45:53.624
362	лет	год	NOUN	_	Animacy=Inan|Case=Gen|Gender=Masc|Number=Plur	_	_	_	@smg1971m-words#00:45:53.624#00:45:54.009
363	это	это	PART	_	_	_	_	_	@smg1971m-words#00:46:02.279#00:46:02.670
364	мне	я	PRON	_	Case=Dat|Number=Sing|Person=1	_	_	_	@smg1971m-words#00:46:02.800#00:46:03.283
365	кажется	казаться	VERB	_	Aspect=Imp|Mood=Ind|Number=Sing|Person=3|Tense=Pres|VerbForm=Fin|Voice=Mid	_	_	_	@smg1971m-words#00:46:03.283#00:46:03.767
366	уб...	убежденность	NOUN	_	Animacy=Inan|Case=Nom|Gender=Fem|Number=Sing	_	_	_	@smg1971m-words#00:46:04.364#00:46:04.444
367	убежденность	убежденность	NOUN	_	Animacy=Inan|Case=Nom|Gender=Fem|Number=Sing	_	_	_	@smg1971m-words#00:46:04.774#00:46:05.203
368	Путина	Путин	PROPN	_	Animacy=Anim|Case=Gen|Gender=Masc|Number=Sing	_	_	_	@smg1971m-words#00:46:05.203#00:46:05.632
369	/	/	PUNCT	_	_	_	_	_	@smg1971m-words#00:46:05.632#00:46:06.061
370	что	что	SCONJ	_	_	_	_	_	@smg1971m-words#00:46:06.061#00:46:06.493
371	у	у	ADP	_	_	_	_	_	@smg1971m-words#00:46:07.433#00:46:07.719
372	него	он	PRON	_	Case=Gen|Gender=Masc|Number=Sing|Person=3	_	_	_	@smg1971m-words#00:46:07.719#00:46:08.005
373	кончаются	кончаться	VERB	_	Aspect=Imp|Mood=Ind|Number=Plur|Person=3|Tense=Pres|VerbForm=Fin|Voice=Mid	_	_	_	@smg1971m-words#00:46:08.005#00:46:08.291
374	деньги	деньги	NOUN	_	Animacy=Inan|Case=Nom|Gender=Fem|Number=Plur	_	_	_	@smg1971m-words#00:46:08.291#00:46:08.580
375	он	он	PRON	_	Case=Nom|Gender=Masc|Number=Sing|Person=3	_	_	_	@smg1971m-words#00:46:08.767#00:46:09.021
376	считал	считать	VERB	_	Aspect=Imp|Gender=Masc|Mood=Ind|Number=Sing|Tense=Past|VerbForm=Fin|Voice=Act	_	_	_	@smg1971m-words#00:46:09.021#00:46:09.275
377	/	/	PUNCT	_	_	_	_	_	@smg1971m-words#00:46:09.275#00:46:09.529
378	что	что	SCONJ	_	_	_	_	_	@smg1971m-words#00:46:09.529#00:46:09.783
379	вот	вот	PART	_	_	_	_	_	@smg1971m-words#00:46:09.783#00:46:10.037
380	эти	этот	DET	_	Case=Nom|Number=Plur	_	_	_	@smg1971m-words#00:46:10.037#00:46:10.291
381	вот	вот	PART	_	_	_	_	_	@smg1971m-words#00:46:10.291#00:46:10.545
382	цены	цена	NOUN	_	Animacy=Inan|Case=Nom|Gender=Fem|Number=Plur	_	_	_	@smg1971m-words#00:46:10.545#00:46:10.799
383	на	на	ADP	_	_	_	_	_	@smg1971m-words#00:46:10.799#00:46:11.053
384	нефть	нефть	NOUN	_	Animacy=Inan|Case=Acc|Gender=Fem|Number=Sing	_	_	_	@smg1971m-words#00:46:11.053#00:46:11.307
385	являются	являться	VERB	_	Aspect=Imp|Mood=Ind|Number=Plur|Person=3|Tense=Pres|VerbForm=Fin|Voice=Mid	_	_	_	@smg1971m-words#00:46:11.307#00:46:11.558
386	неус…	неустойчивый	ADJ	_	Case=Ins|Degree=Pos|Number=Plur	_	_	_	@smg1971m-words#00:46:11.559#00:46:11.561
387	неустойчивыми	неустойчивый	ADJ	_	Case=Ins|Degree=Pos|Number=Plur	_	_	_	@smg1971m-words#00:46:11.561#00:46:11.815
388	/	/	PUNCT	_	_	_	_	_	@smg1971m-words#00:46:11.815#00:46:12.069
389	ему	он	PRON	_	Case=Dat|Gender=Masc|Number=Sing|Person=3	_	_	_	@smg1971m-words#00:46:12.069#00:46:12.323
390	нужно	нужный	PRED	_	_	_	_	_	@smg1971m-words#00:46:12.323#00:46:12.577
391	готовиться	готовиться	VERB	_	Aspect=Imp|VerbForm=Inf|Voice=Mid	_	_	_	@smg1971m-words#00:46:12.577#00:46:12.831
392	к	к	ADP	_	_	_	_	_	@smg1971m-words#00:46:12.831#00:46:13.085
393	более	более	ADV	_	Degree=Cmp	_	_	_	@smg1971m-words#00:46:13.085#00:46:13.339
394	низким	низкий	ADJ	_	Case=Dat|Degree=Pos|Number=Plur	_	_	_	@smg1971m-words#00:46:13.339#00:46:13.593
395	ценам	цена	NOUN	_	Animacy=Inan|Case=Dat|Gender=Fem|Number=Plur	_	_	_	@smg1971m-words#00:46:13.593#00:46:13.847
396	на	на	ADP	_	_	_	_	_	@smg1971m-words#00:46:13.847#00:46:14.101
397	нефть	нефть	NOUN	_	Animacy=Inan|Case=Acc|Gender=Fem|Number=Sing	_	_	_	@smg1971m-words#00:46:14.101#00:46:14.364
398	если	если	SCONJ	_	_	_	_	_	@smg1971m-words#00:46:14.859#00:46:15.229
399	вы	вы	PRON	_	Case=Nom|Number=Plur|Person=2	_	_	_	@smg1971m-words#00:46:15.229#00:46:15.599
400	посмотрите	смотреть	VERB	_	Aspect=Perf|Mood=Ind|Number=Plur|Person=2|Tense=Fut|VerbForm=Fin|Voice=Act	_	_	_	@smg1971m-words#00:46:15.599#00:46:15.969
401	на	на	ADP	_	_	_	_	_	@smg1971m-words#00:46:15.969#00:46:16.339
402	бюджет	бюджет	NOUN	_	Animacy=Inan|Case=Acc|Gender=Masc|Number=Sing	_	_	_	@smg1971m-words#00:46:16.339#00:46:16.709
403	восемнадцатого	восемнадцатый	ADJ	_	Case=Gen|Degree=Pos|Gender=Masc|Number=Sing	_	_	_	@smg1971m-words#00:46:16.709#00:46:17.079
404	года	год	NOUN	_	Animacy=Inan|Case=Gen|Gender=Masc|Number=Sing	_	_	_	@smg1971m-words#00:46:17.079#00:46:17.449
405	бюджет	бюджет	NOUN	_	Animacy=Inan|Case=Nom|Gender=Masc|Number=Sing	_	_	_	@smg1971m-words#00:46:17.449#00:46:17.819
406	девятнадцатого	девятнадцатый	ADJ	_	Case=Gen|Degree=Pos|Gender=Masc|Number=Sing	_	_	_	@smg1971m-words#00:46:17.819#00:46:18.189
407	года	год	NOUN	_	Animacy=Inan|Case=Gen|Gender=Masc|Number=Sing	_	_	_	@smg1971m-words#00:46:18.189#00:46:18.559
408	/	/	PUNCT	_	_	_	_	_	@smg1971m-words#00:46:18.559#00:46:18.929
409	они	они	PRON	_	Case=Nom|Number=Plur|Person=3	_	_	_	@smg1971m-words#00:46:18.929#00:46:19.299
410	сформированы	сформировать	VERB	_	Aspect=Perf|Number=Plur|Tense=Past|Variant=Short|VerbForm=Part|Voice=Pass	_	_	_	@smg1971m-words#00:46:19.299#00:46:19.669
411	исходя	исходить	VERB	_	Aspect=Imp|Tense=Pres|VerbForm=Conv|Voice=Act	_	_	_	@smg1971m-words#00:46:19.669#00:46:20.040
412	из	из	ADP	_	_	_	_	_	@smg1971m-words#00:46:20.356#00:46:20.563
413	того	то	PRON	_	Animacy=Inan|Case=Gen|Gender=Neut|Number=Sing	_	_	_	@smg1971m-words#00:46:20.563#00:46:20.770
414	что	что	SCONJ	_	_	_	_	_	@smg1971m-words#00:46:20.770#00:46:20.977
415	цена	цена	NOUN	_	Animacy=Inan|Case=Nom|Gender=Fem|Number=Sing	_	_	_	@smg1971m-words#00:46:20.977#00:46:21.184
416	за	за	ADP	_	_	_	_	_	@smg1971m-words#00:46:21.184#00:46:21.391
417	нефть	нефть	NOUN	_	Animacy=Inan|Case=Acc|Gender=Fem|Number=Sing	_	_	_	@smg1971m-words#00:46:21.391#00:46:21.598
418	будет	быть	AUX	_	Aspect=Imp|Mood=Ind|Number=Sing|Person=3|Tense=Fut|VerbForm=Fin|Voice=Act	_	_	_	@smg1971m-words#00:46:21.598#00:46:21.805
419	сорок	сорок	NUM	_	Case=Nom	_	_	_	@smg1971m-words#00:46:21.805#00:46:22.012
420	долларов	доллар	NOUN	_	Animacy=Inan|Case=Gen|Gender=Masc|Number=Plur	_	_	_	@smg1971m-words#00:46:22.012#00:46:22.219
421	за	за	ADP	_	_	_	_	_	@smg1971m-words#00:46:22.219#00:46:22.426
422	баррель	баррель	NOUN	_	Animacy=Inan|Case=Acc|Gender=Masc|Number=Sing	_	_	_	@smg1971m-words#00:46:22.426#00:46:22.633
423	и	и	CCONJ	_	_	_	_	_	@smg1971m-words#00:46:22.856#00:46:23.160
424	вот	вот	PART	_	_	_	_	_	@smg1971m-words#00:46:23.160#00:46:23.464
425	те	тот	DET	_	Case=Nom|Number=Plur	_	_	_	@smg1971m-words#00:46:23.464#00:46:23.768
426	дополнительные	дополнительный	ADJ	_	Animacy=Inan|Case=Nom|Degree=Pos|Number=Plur	_	_	_	@smg1971m-words#00:46:23.768#00:46:24.072
427	деньги	деньги	NOUN	_	Animacy=Inan|Case=Nom|Gender=Fem|Number=Plur	_	_	_	@smg1971m-words#00:46:24.072#00:46:24.380
428	которые	который	PRON	_	Case=Nom|Number=Plur	_	_	_	@smg1971m-words#00:46:24.614#00:46:24.828
429	приходят	приходить	VERB	_	Aspect=Imp|Mood=Ind|Number=Plur|Person=3|Tense=Pres|VerbForm=Fin|Voice=Act	_	_	_	@smg1971m-words#00:46:24.828#00:46:25.042
430	в	в	ADP	_	_	_	_	_	@smg1971m-words#00:46:25.042#00:46:25.256
431	бюджет	бюджет	NOUN	_	Animacy=Inan|Case=Acc|Gender=Masc|Number=Sing	_	_	_	@smg1971m-words#00:46:25.256#00:46:25.470
432	из-за	из-за	ADP	_	_	_	_	_	@smg1971m-words#00:46:25.470#00:46:25.684
433	того	то	PRON	_	Animacy=Inan|Case=Gen|Gender=Neut|Number=Sing	_	_	_	@smg1971m-words#00:46:25.684#00:46:25.898
434	/	/	PUNCT	_	_	_	_	_	@smg1971m-words#00:46:25.898#00:46:26.112
435	что	что	SCONJ	_	_	_	_	_	@smg1971m-words#00:46:26.112#00:46:26.326
436	цена	цена	NOUN	_	Animacy=Inan|Case=Nom|Gender=Fem|Number=Sing	_	_	_	@smg1971m-words#00:46:26.326#00:46:26.540
437	на	на	ADP	_	_	_	_	_	@smg1971m-words#00:46:26.540#00:46:26.754
438	нефть	нефть	NOUN	_	Animacy=Inan|Case=Acc|Gender=Fem|Number=Sing	_	_	_	@smg1971m-words#00:46:26.754#00:46:26.968
439	семьдесят	семьдесят	NUM	_	Case=Nom	_	_	_	@smg1971m-words#00:46:26.968#00:46:27.182
440	или	или	CCONJ	_	_	_	_	_	@smg1971m-words#00:46:27.182#00:46:27.396
441	шестьдесят	шестьдесят	NUM	_	Case=Nom_	_	_	@smg1971m-words#00:46:27.396#00:46:27.610
442	долларов	доллар	NOUN	_	Animacy=Inan|Case=Gen|Gender=Masc|Number=Plur	_	_	_	@smg1971m-words#00:46:27.610#00:46:27.824
443	за	за	ADP	_	_	_	_	_	@smg1971m-words#00:46:27.824#00:46:28.038
444	баррель	баррель	NOUN	_	Animacy=Inan|Case=Acc|Gender=Masc|Number=Sing	_	_	_	@smg1971m-words#00:46:28.038#00:46:28.258
445	они	они	PRON	_	Case=Nom|Number=Plur|Person=3	_	_	_	@smg1971m-words#00:46:28.607#00:46:29.072
446	складываются	складываться	VERB	_	Aspect=Imp|Mood=Ind|Number=Plur|Person=3|Tense=Pres|VerbForm=Fin|Voice=Mid	_	_	_	@smg1971m-words#00:46:29.072#00:46:29.537
447	в	в	ADP	_	_	_	_	_	@smg1971m-words#00:46:30.017#00:46:30.286
448	кубышку	кубышка	NOUN	_	Animacy=Inan|Case=Acc|Gender=Fem|Number=Sing	_	_	_	@smg1971m-words#00:46:30.286#00:46:30.555
449	для	для	ADP	_	_	_	_	_	@smg1971m-words#00:46:31.177#00:46:31.565
450	будущих	будущий	ADJ	_	Case=Gen|Degree=Pos|Number=Plur	_	_	_	@smg1971m-words#00:46:31.565#00:46:31.953
451	проблем	проблема	NOUN	_	Animacy=Inan|Case=Gen|Gender=Fem|Number=Plur	_	_	_	@smg1971m-words#00:46:31.953#00:46:32.342
452	потому	потому	ADV	_	Degree=Pos	_	_	_	@smg1971m-words#00:46:32.690#00:46:32.873
453	что	что	SCONJ	_	_	_	_	_	@smg1971m-words#00:46:32.873#00:46:33.056
454	рано	рано	ADV	_	Degree=Pos	_	_	_	@smg1971m-words#00:46:33.056#00:46:33.239
455	или	или	CCONJ	_	_	_	_	_	@smg1971m-words#00:46:33.239#00:46:33.422
456	поздно	поздно	ADV	_	Degree=Pos	_	_	_	@smg1971m-words#00:46:33.422#00:46:33.605
457	эти	этот	DET	_	Case=Nom|Number=Plur	_	_	_	@smg1971m-words#00:46:33.605#00:46:33.788
458	цены	цена	NOUN	_	Animacy=Inan|Case=Nom|Gender=Fem|Number=Plur	_	_	_	@smg1971m-words#00:46:33.788#00:46:33.971
459	на	на	ADP	_	_	_	_	_	@smg1971m-words#00:46:33.971#00:46:34.154
460	нефть	нефть	NOUN	_	Animacy=Inan|Case=Acc|Gender=Fem|Number=Sing	_	_	_	@smg1971m-words#00:46:34.154#00:46:34.337
461	упадут	падать	VERB	_	Aspect=Perf|Mood=Ind|Number=Plur|Person=3|Tense=Fut|VerbForm=Fin|Voice=Act	_	_	_	@smg1971m-words#00:46:34.337#00:46:34.525
462	и	и	PART	_	_	_	_	_	@smg1971m-words#00:46:35.056#00:46:35.317
463	этих	этот	DET	_	Case=Gen|Number=Plur	_	_	_	@smg1971m-words#00:46:35.317#00:46:35.578
464	денег	деньги	NOUN	_	Animacy=Inan|Case=Gen|Gender=Fem|Number=Plur	_	_	_	@smg1971m-words#00:46:35.578#00:46:35.839
465	/	/	PUNCT	_	_	_	_	_	@smg1971m-words#00:46:35.839#00:46:36.100
466	безусловно	безусловно	ADV	_	Degree=Pos	_	_	_	@smg1971m-words#00:46:36.100#00:46:36.361
467	бы	бы	PART	_	_	_	_	_	@smg1971m-words#00:46:36.361#00:46:36.622
468	хватило	хватать	VERB	_	Aspect=Perf|Gender=Neut|Mood=Ind|Number=Sing|Tense=Past|VerbForm=Fin|Voice=Act	_	_	_	@smg1971m-words#00:46:36.622#00:46:36.883
469	на	на	ADP	_	_	_	_	_	@smg1971m-words#00:46:36.883#00:46:37.144
470	то	то	PRON	_	Animacy=Inan|Case=Acc|Gender=Neut|Number=Sing	_	_	_	@smg1971m-words#00:46:37.144#00:46:37.409
471	чтобы	чтобы	SCONJ	_	Mood=Cnd	_	_	_	@smg1971m-words#00:46:37.809#00:46:38.195
472	провести	провести	VERB	_	Aspect=Perf|VerbForm=Inf|Voice=Act	_	_	_	@smg1971m-words#00:46:38.195#00:46:38.581
473	пенсионную	пенсионный	ADJ	_	Case=Acc|Degree=Pos|Gender=Fem|Number=Sing	_	_	_	@smg1971m-words#00:46:38.581#00:46:38.967
474	реформу	реформа	NOUN	_	Animacy=Inan|Case=Acc|Gender=Fem|Number=Sing	_	_	_	@smg1971m-words#00:46:38.967#00:46:39.353
475	честно	честно	ADV	_	Degree=Pos	_	_	_	@smg1971m-words#00:46:39.353#00:46:39.739
476	сказав	сказать	VERB	_	Aspect=Imp|Tense=Past|VerbForm=Conv|Voice=Act	_	_	_	@smg1971m-words#00:46:40.190#00:46:40.472
477	тем	тот	DET	_	Case=Dat|Number=Plur	_	_	_	@smg1971m-words#00:46:40.472#00:46:40.754
478	людям	человек	NOUN	_	Animacy=Anim|Case=Dat|Gender=Masc|Number=Plur	_	_	_	@smg1971m-words#00:46:40.754#00:46:41.036
479	которым	который	PRON	_	Case=Dat|Number=Plur	_	_	_	@smg1971m-words#00:46:41.036#00:46:41.318
480	мы	мы	PRON	_	Case=Nom|Number=Plur|Person=1	_	_	_	@smg1971m-words#00:46:41.318#00:46:41.600
481	обещали	обещать	VERB	_	Aspect=Imp|Mood=Ind|Number=Plur|Tense=Past|VerbForm=Fin|Voice=Act	_	_	_	@smg1971m-words#00:46:41.600#00:46:41.882
482	пенсию	пенсия	NOUN	_	Animacy=Inan|Case=Acc|Gender=Fem|Number=Sing	_	_	_	@smg1971m-words#00:46:41.882#00:46:42.164
483	что	что	SCONJ	_	_	_	_	_	@smg1971m-words#00:46:42.164#00:46:42.446
484	вы	вы	PRON	_	Case=Nom|Number=Plur|Person=2	_	_	_	@smg1971m-words#00:46:42.446#00:46:42.728
485	выйдете	выйти	VERB	_	Aspect=Imp|Mood=Ind|Number=Plur|Person=2|Tense=Fut|VerbForm=Fin|Voice=Act	_	_	_	@smg1971m-words#00:46:42.728#00:46:43.010
486	на	на	ADP	_	_	_	_	_	@smg1971m-words#00:46:43.010#00:46:43.292
487	пенсию	пенсия	NOUN	_	Animacy=Inan|Case=Acc|Gender=Fem|Number=Sing	_	_	_	@smg1971m-words#00:46:43.292#00:46:43.580
488	когда	когда	SCONJ	_	_	_	_	_	@smg1971m-words#00:46:44.229#00:46:44.492
489	мы	мы	PRON	_	Case=Nom|Number=Plur|Person=1	_	_	_	@smg1971m-words#00:46:44.492#00:46:44.755
490	вам	вы	PRON	_	Case=Dat|Number=Plur|Person=2	_	_	_	@smg1971m-words#00:46:44.755#00:46:45.018
491	обещали	обещать	VERB	_	Aspect=Imp|Mood=Ind|Number=Plur|Tense=Past|VerbForm=Fin|Voice=Act	_	_	_	@smg1971m-words#00:46:45.018#00:46:45.283
492	что	что	SCONJ	_	_	_	_	_	@smg1971m-words#00:46:45.840#00:46:46.050
493	не	не	PART	_	_	_	_	_	@smg1971m-words#00:46:46.050#00:46:46.260
494	будет	быть	AUX	_	Aspect=Imp|Mood=Ind|Number=Sing|Person=3|Tense=Fut|VerbForm=Fin|Voice=Act	_	_	_	@smg1971m-words#00:46:46.260#00:46:46.470
495	такого	такой	DET	_	Case=Gen|Gender=Neut|Number=Sing	_	_	_	@smg1971m-words#00:46:46.470#00:46:46.680
496	что	что	SCONJ	_	_	_	_	_	@smg1971m-words#00:46:46.680#00:46:46.890
497	вы	вы	PRON	_	Case=Nom|Number=Plur|Person=2	_	_	_	@smg1971m-words#00:46:46.890#00:46:47.100
498	думали	думать	VERB	_	Aspect=Imp|Mood=Ind|Number=Plur|Tense=Past|VerbForm=Fin|Voice=Act	_	_	_	@smg1971m-words#00:46:47.100#00:46:47.310
499	что	что	SCONJ	_	_	_	_	_	@smg1971m-words#00:46:47.310#00:46:47.520
500	вы	вы	PRON	_	Case=Nom|Number=Plur|Person=2	_	_	_	@smg1971m-words#00:46:47.520#00:46:47.730
501	выйдете	выйти	VERB	_	Aspect=Imp|Mood=Ind|Number=Plur|Person=2|Tense=Fut|VerbForm=Fin|Voice=Act	_	_	_	@smg1971m-words#00:46:47.730#00:46:47.940
502	на	на	ADP	_	_	_	_	_	@smg1971m-words#00:46:47.940#00:46:48.150
503	пенсию	пенсия	NOUN	_	Animacy=Inan|Case=Acc|Gender=Fem|Number=Sing	_	_	_	@smg1971m-words#00:46:48.150#00:46:48.360
504	через	через	ADP	_	_	_	_	_	@smg1971m-words#00:46:48.360#00:46:48.570
505	пять	пять	NUM	_	Case=Nom	_	_	_	@smg1971m-words#00:46:48.570#00:46:48.780
506	лет	год	NOUN	_	Animacy=Inan|Case=Gen|Gender=Masc|Number=Plur	_	_	_	@smg1971m-words#00:46:48.780#00:46:48.990
507	а	а	CCONJ	_	_	_	_	_	@smg1971m-words#00:46:48.990#00:46:49.200
508	теперь	теперь	ADV	_	Degree=Pos	_	_	_	@smg1971m-words#00:46:49.200#00:46:49.410
509	вы	вы	PRON	_	Case=Nom|Number=Plur|Person=2	_	_	_	@smg1971m-words#00:46:49.410#00:46:49.620
510	выйдете	выйти	VERB	_	Aspect=Imp|Mood=Ind|Number=Plur|Person=2|Tense=Fut|VerbForm=Fin|Voice=Act	_	_	_	@smg1971m-words#00:46:49.620#00:46:49.830
511	на	на	ADP	_	_	_	_	_	@smg1971m-words#00:46:49.830#00:46:50.040
512	пенсию	пенсия	NOUN	_	Animacy=Inan|Case=Acc|Gender=Fem|Number=Sing	_	_	_	@smg1971m-words#00:46:50.040#00:46:50.250
513	через	через	ADP	_	_	_	_	_	@smg1971m-words#00:46:50.250#00:46:50.460
514	десять	десять	NUM	_	Case=Nom	_	_	_	@smg1971m-words#00:46:50.460#00:46:50.670
515	лет	год	NOUN	_	Animacy=Inan|Case=Gen|Gender=Masc|Number=Plur	_	_	_	@smg1971m-words#00:46:50.670#00:46:50.896
516	и	и	CCONJ	_	_	_	_	_	@smg1971m-words#00:46:51.199#00:46:51.439
517	ту	тот	DET	_	Case=Acc|Gender=Fem|Number=Sing	_	_	_	@smg1971m-words#00:46:51.439#00:46:51.679
518	пенсию	пенсия	NOUN	_	Animacy=Inan|Case=Acc|Gender=Fem|Number=Sing	_	_	_	@smg1971m-words#00:46:51.679#00:46:51.919
519	/	/	PUNCT	_	_	_	_	_	@smg1971m-words#00:46:51.919#00:46:52.159
520	которую	который	PRON	_	Case=Acc|Gender=Fem	_	_	_	@smg1971m-words#00:46:52.159#00:46:52.399
521	мы	мы	PRON	_	Case=Nom|Number=Plur|Person=1	_	_	_	@smg1971m-words#00:46:52.399#00:46:52.639
522	м...	мы	PRON	_	Case=Nom|Number=Plur|Person=1	_	_	_	@smg1971m-words#00:46:52.639#00:46:52.879
523	мы	мы	PRON	_	Case=Nom|Number=Plur|Person=1	_	_	_	@smg1971m-words#00:46:52.879#00:46:53.119
524	вам	вы	PRON	_	Case=Dat|Number=Plur|Person=2	_	_	_	@smg1971m-words#00:46:53.119#00:46:53.359
525	обещали	обещать	VERB	_	Aspect=Imp|Mood=Ind|Number=Plur|Tense=Past|VerbForm=Fin|Voice=Act	_	_	_	@smg1971m-words#00:46:53.359#00:46:53.599
526	платить	платить	VERB	_	Aspect=Imp|VerbForm=Inf|Voice=Act	_	_	_	@smg1971m-words#00:46:53.599#00:46:53.839
527	в	в	ADP	_	_	_	_	_	@smg1971m-words#00:46:53.839#00:46:54.079
528	течение	течение	NOUN	_	Animacy=Inan|Case=Acc|Gender=Neut|Number=Sing	_	_	_	@smg1971m-words#00:46:54.079#00:46:54.319
529	пяти	пять	NUM	_	Case=Gen	_	_	_	@smg1971m-words#00:46:54.319#00:46:54.559
530	лет	год	NOUN	_	Animacy=Inan|Case=Gen|Gender=Masc|Number=Plur	_	_	_	@smg1971m-words#00:46:54.559#00:46:54.799
531	мы	мы	PRON	_	Case=Nom|Number=Plur|Person=1	_	_	_	@smg1971m-words#00:46:54.799#00:46:55.039
532	берём	берем	VERB	_	Aspect=Imp|Mood=Ind|Number=Plur|Person=1|Tense=Pres|VerbForm=Fin|Voice=Act	_	_	_	@smg1971m-words#00:46:55.039#00:46:55.279
533	её	она	PRON	_	Case=Gen|Gender=Fem|Number=Sing|Person=3	_	_	_	@smg1971m-words#00:46:55.279#00:46:55.519
534	себе	себя	PRON	_	Case=Dat	_	_	_	@smg1971m-words#00:46:55.519#00:46:55.766
535	сложим	сложить	VERB	_	Aspect=Perf|Mood=Ind|Number=Plur|Person=1|Tense=Fut|VerbForm=Fin|Voice=Act	_	_	_	@smg1971m-words#00:46:56.370#00:46:56.597
536	её	она	PRON	_	Case=Acc|Gender=Fem|Number=Sing|Person=3	_	_	_	@smg1971m-words#00:46:56.597#00:46:56.824
537	в	в	ADP	_	_	_	_	_	@smg1971m-words#00:46:56.824#00:46:57.051
538	кубышку	кубышка	NOUN	_	Animacy=Inan|Case=Acc|Gender=Fem|Number=Sing	_	_	_	@smg1971m-words#00:46:57.051#00:46:57.278
539	/	/	PUNCT	_	_	_	_	_	@smg1971m-words#00:46:57.278#00:46:57.505
540	а	а	CCONJ	_	_	_	_	_	@smg1971m-words#00:46:57.505#00:46:57.732
541	потом	потом	ADV	_	Degree=Pos	_	_	_	@smg1971m-words#00:46:57.732#00:46:57.959
542	из	из	ADP	_	_	_	_	_	@smg1971m-words#00:46:57.959#00:46:58.186
543	этой	этот	DET	_	Case=Gen|Gender=Fem|Number=Sing	_	_	_	@smg1971m-words#00:46:58.186#00:46:58.413
544	кубышки	кубышка	NOUN	_	Animacy=Inan|Case=Gen|Gender=Fem|Number=Sing	_	_	_	@smg1971m-words#00:46:58.413#00:46:58.640
545	мы	мы	PRON	_	Case=Nom|Number=Plur|Person=1	_	_	_	@smg1971m-words#00:46:58.640#00:46:58.867
546	будем	быть	AUX	_	Aspect=Imp|Mood=Ind|Number=Plur|Person=1|Tense=Fut|VerbForm=Fin|Voice=Act	_	_	_	@smg1971m-words#00:46:58.867#00:46:59.094
547	строить	строить	VERB	_	Aspect=Imp|VerbForm=Inf|Voice=Act	_	_	_	@smg1971m-words#00:46:59.094#00:46:59.321
548	разные	разный	ADJ	_	Animacy=Inan|Case=Acc|Degree=Pos|Number=Plur	_	_	_	@smg1971m-words#00:46:59.321#00:46:59.548
549	дороги	дорога	NOUN	_	Animacy=Inan|Case=Acc|Gender=Fem|Number=Plur	_	_	_	@smg1971m-words#00:46:59.548#00:46:59.775
550	и	и	CCONJ	_	_	_	_	_	@smg1971m-words#00:46:59.775#00:47:00.002
551	мосты	мост	NOUN	_	Animacy=Inan|Case=Acc|Gender=Masc|Number=Plur	_	_	_	@smg1971m-words#00:47:00.002#00:47:00.245
552	и	и	CCONJ	_	_	_	_	_	@smg1971m-words#00:47:00.517#00:47:00.710
553	строить	строить	VERB	_	Aspect=Imp|VerbForm=Inf|Voice=Act	_	_	_	@smg1971m-words#00:47:00.710#00:47:00.903
554	их	они	PRON	_	Case=Acc|Number=Plur|Person=3	_	_	_	@smg1971m-words#00:47:00.903#00:47:01.096
555	будут	быть	AUX	_	Aspect=Imp|Mood=Ind|Number=Plur|Person=3|Tense=Fut|VerbForm=Fin|Voice=Act	_	_	_	@smg1971m-words#00:47:01.096#00:47:01.290
556	друзья	друг	NOUN	_	Animacy=Anim|Case=Nom|Gender=Masc|Number=Plur	_	_	_	@smg1971m-words#00:47:01.664#00:47:02.160
557	аэа	аэа	INTJ	_	_	_	_	_	@smg1971m-words#00:47:02.160#00:47:02.656
558	российских	российский	ADJ	_	Case=Gen|Degree=Pos|Number=Plur	_	_	_	@smg1971m-words#00:47:02.656#00:47:03.152
559	политических	политический	ADJ	_	Case=Gen|Degree=Pos|Number=Plur	_	_	_	@smg1971m-words#00:47:03.152#00:47:03.648
560	руководителей	руководитель	NOUN	_	Animacy=Anim|Case=Gen|Gender=Masc|Number=Plur	_	_	_	@smg1971m-words#00:47:03.648#00:47:04.144
561	#смех#	#смех#	X	_	_	_	_	_	@smg1971m-words#00:47:16.369#00:47:17.208
562	ээ	ээ	INTJ	_	_	_	_	_	@smg1971m-words#00:47:25.780#00:47:25.978
563	вы	вы	PRON	_	Case=Nom|Number=Plur|Person=2	_	_	_	@smg1971m-words#00:47:25.978#00:47:26.176
564	знаете	знать	VERB	_	Aspect=Imp|Mood=Ind|Number=Plur|Person=2|Tense=Pres|VerbForm=Fin|Voice=Act	_	_	_	@smg1971m-words#00:47:26.176#00:47:26.374
565	ну	ну	PART	_	_	_	_	_	@smg1971m-words#00:47:26.374#00:47:26.572
566	это	это	PART	_	_	_	_	_	@smg1971m-words#00:47:26.572#00:47:26.770
567	просто	просто	PART	_	_	_	_	_	@smg1971m-words#00:47:26.770#00:47:26.968
568	факт	факт	NOUN	_	Animacy=Inan|Case=Nom|Gender=Masc|Number=Sing	_	_	_	@smg1971m-words#00:47:26.968#00:47:27.171
569	вот	вот	PART	_	_	_	_	_	@smg1971m-words#00:47:27.616#00:47:27.896
570	к	к	ADP	_	_	_	_	_	@smg1971m-words#00:47:27.896#00:47:28.176
571	сожалению	сожаление	NOUN	_	Animacy=Inan|Case=Dat|Gender=Neut|Number=Sing	_	_	_	@smg1971m-words#00:47:28.176#00:47:28.456
572	учёные	ученый	NOUN	_	Animacy=Anim|Case=Nom|Gender=Masc|Number=Plur	_	_	_	@smg1971m-words#00:47:29.081#00:47:29.470
573	/	/	PUNCT	_	_	_	_	_	@smg1971m-words#00:47:29.470#00:47:29.859
574	вынуждены	вынужденный	VERB	_	Aspect=Perf|Number=Plur|Tense=Past|Variant=Short|VerbForm=Part|Voice=Pass	_	_	_	@smg1971m-words#00:47:29.859#00:47:30.248
575	представлять	представлять	VERB	_	Aspect=Imp|VerbForm=Inf|Voice=Act	_	_	_	@smg1971m-words#00:47:30.248#00:47:30.637
576	вот	вот	PART	_	_	_	_	_	@smg1971m-words#00:47:30.637#00:47:31.026
577	такие	такой	DET	_	Case=Acc|Number=Plur	_	_	_	@smg1971m-words#00:47:31.026#00:47:31.415
578	факты	факт	NOUN	_	Animacy=Inan|Case=Acc|Gender=Masc|Number=Plur	_	_	_	@smg1971m-words#00:47:31.415#00:47:31.808
579	это	это	PART	_	_	_	_	_	@smg1971m-words#00:47:32.038#00:47:32.320
580	может	мочь	VERB	_	Aspect=Imp|Mood=Ind|Number=Sing|Person=3|Tense=Pres|VerbForm=Fin|Voice=Act	_	_	_	@smg1971m-words#00:47:32.320#00:47:32.602
581	быть	быть	AUX	_	Aspect=Imp|VerbForm=Inf|Voice=Act	_	_	_	@smg1971m-words#00:47:32.602#00:47:32.884
582	просто	просто	PART	_	_	_	_	_	@smg1971m-words#00:47:32.884#00:47:33.166
583	дискриминация	дискриминация	NOUN	_	Animacy=Inan|Case=Nom|Gender=Fem|Number=Sing	_	_	_	@smg1971m-words#00:47:33.166#00:47:33.448
584	/	/	PUNCT	_	_	_	_	_	@smg1971m-words#00:47:33.448#00:47:33.730
585	да	да	PART	_	_	_	_	_	@smg1971m-words#00:47:33.730#00:47:34.012
586	?	?	PUNCT	_	_	_	_	_	@smg1971m-words#00:47:34.012#00:47:34.294
587	/	/	PUNCT	_	_	_	_	_	@smg1971m-words#00:47:34.294#00:47:34.576
588	то	то	SCONJ	_	_	_	_	_	@smg1971m-words#00:47:34.576#00:47:34.858
589	что	что	SCONJ	_	_	_	_	_	@smg1971m-words#00:47:34.858#00:47:35.140
590	сегодня	сегодня	ADV	_	Degree=Pos	_	_	_	@smg1971m-words#00:47:35.140#00:47:35.422
591	женщина	женщина	NOUN	_	Animacy=Anim|Case=Nom|Gender=Fem|Number=Sing	_	_	_	@smg1971m-words#00:47:35.422#00:47:35.705
592	в	в	ADP	_	_	_	_	_	@smg1971m-words#00:47:36.656#00:47:36.881
593	России	Россия	PROPN	_	Animacy=Inan|Case=Loc|Gender=Fem|Number=Sing	_	_	_	@smg1971m-words#00:47:36.881#00:47:37.107
594	в	в	ADP	_	_	_	_	_	@smg1971m-words#00:47:37.543#00:47:37.770
595	Англии	Англия	PROPN	_	Animacy=Inan|Case=Loc|Gender=Fem|Number=Sing	_	_	_	@smg1971m-words#00:47:37.770#00:47:37.997
596	во	в	ADP	_	_	_	_	_	@smg1971m-words#00:47:38.288#00:47:38.554
597	Франции	Франция	PROPN	_	Animacy=Inan|Case=Loc|Gender=Fem|Number=Sing	_	_	_	@smg1971m-words#00:47:38.554#00:47:38.820
598	в	в	ADP	_	_	_	_	_	@smg1971m-words#00:47:39.065#00:47:39.209
599	Америке	Америка	PROPN	_	Animacy=Inan|Case=Loc|Gender=Fem|Number=Sing	_	_	_	@smg1971m-words#00:47:39.209#00:47:39.354
600	получает	получать	VERB	_	Aspect=Imp|Mood=Ind|Number=Sing|Person=3|Tense=Pres|VerbForm=Fin|Voice=Act	_	_	_	@smg1971m-words#00:47:39.571#00:47:39.846
601	меньше	малый	NUM	_	_	_	_	_	@smg1971m-words#00:47:39.846#00:47:40.122
602	в	в	ADP	_	_	_	_	_	@smg1971m-words#00:47:40.952#00:47:41.246
603	России	Россия	PROPN	_	Animacy=Inan|Case=Loc|Gender=Fem|Number=Sing	_	_	_	@smg1971m-words#00:47:41.246#00:47:41.540
604	разница	разница	NOUN	_	Animacy=Inan|Case=Nom|Gender=Fem|Number=Sing	_	_	_	@smg1971m-words#00:47:41.540#00:47:41.834
605	двадцать	двадцать	NUM	_	Case=Nom	_	_	_	@smg1971m-words#00:47:41.834#00:47:42.128
606	пять	пять	NUM	_	Case=Nom	_	_	_	@smg1971m-words#00:47:42.128#00:47:42.422
607	процентов	процент	NOUN	_	Animacy=Inan|Case=Gen|Gender=Masc|Number=Plur	_	_	_	@smg1971m-words#00:47:42.422#00:47:42.716
608	/	/	PUNCT	_	_	_	_	_	@smg1971m-words#00:47:42.716#00:47:43.010
609	при	при	ADP	_	_	_	_	_	@smg1971m-words#00:47:43.010#00:47:43.304
610	прочих	прочий	ADJ	_	Case=Gen|Degree=Pos|Number=Plur	_	_	_	@smg1971m-words#00:47:43.304#00:47:43.598
611	равных	равный	ADJ	_	Case=Gen|Degree=Pos|Number=Plur	_	_	_	@smg1971m-words#00:47:43.598#00:47:43.897
612	там	там	ADV	_	Degree=Pos	_	_	_	@smg1971m-words#00:47:44.333#00:47:44.419
613	/	/	PUNCT	_	_	_	_	_	@smg1971m-words#00:47:44.419#00:47:44.505
614	я	я	PRON	_	Case=Nom|Number=Sing|Person=1	_	_	_	@smg1971m-words#00:47:44.505#00:47:44.591
615	не	не	PART	_	_	_	_	_	@smg1971m-words#00:47:44.591#00:47:44.677
616	знаю	знать	VERB	_	Aspect=Imp|Mood=Ind|Number=Sing|Person=1|Tense=Pres|VerbForm=Fin|Voice=Act	_	_	_	@smg1971m-words#00:47:44.677#00:47:44.765
617	э	э	INTJ	_	_	_	_	_	@smg1971m-words#00:47:45.124#00:47:45.358
618	в	в	ADP	_	_	_	_	_	@smg1971m-words#00:47:45.358#00:47:45.592
619	Европе	Европа	PROPN	_	Animacy=Inan|Case=Loc|Gender=Fem|Number=Sing	_	_	_	@smg1971m-words#00:47:45.592#00:47:45.826
620	пятнадцать	пятнадцать	NUM	_	Case=Nom	_	_	_	@smg1971m-words#00:47:45.826#00:47:46.063
621	но	но	CCONJ	_	_	_	_	_	@smg1971m-words#00:47:46.343#00:47:46.598
622	тем	то	PRON	_	Animacy=Inan|Case=Ins|Gender=Neut|Number=Sing	_	_	_	@smg1971m-words#00:47:46.598#00:47:46.853
623	не	не	PART	_	Polarity=Neg	_	_	_	@smg1971m-words#00:47:46.853#00:47:47.108
624	менее	менее	ADV	_	Degree=Cmp	_	_	_	@smg1971m-words#00:47:47.108#00:47:47.363
625	/	/	PUNCT	_	_	_	_	_	@smg1971m-words#00:47:47.363#00:47:47.618
626	что	что	PRON	_	Case=Nom	_	_	_	@smg1971m-words#00:47:47.618#00:47:47.873
627	вы	вы	PRON	_	Case=Nom|Number=Plur|Person=2	_	_	_	@smg1971m-words#00:47:47.873#00:47:48.128
628	скажете	сказать	VERB	_	Aspect=Perf|Mood=Ind|Number=Plur|Person=2|Tense=Fut|VerbForm=Fin|Voice=Act	_	_	_	@smg1971m-words#00:47:48.128#00:47:48.383
629	на	на	ADP	_	_	_	_	_	@smg1971m-words#00:47:48.383#00:47:48.638
630	эту	этот	DET	_	Case=Acc|Gender=Fem|Number=Sing	_	_	_	@smg1971m-words#00:47:48.638#00:47:48.893
631	тему	тема	NOUN	_	Animacy=Inan|Case=Acc|Gender=Fem|Number=Sing	_	_	_	@smg1971m-words#00:47:48.893#00:47:49.148
632	?	?	PUNCT	_	_	_	_	_	@smg1971m-words#00:47:49.148#00:47:49.403
633	/	/	PUNCT	_	_	_	_	_	@smg1971m-words#00:47:49.403#00:47:49.658
634	вы	вы	PRON	_	Case=Nom|Number=Plur|Person=2	_	_	_	@smg1971m-words#00:47:49.658#00:47:49.913
635	э	э	INTJ	_	_	_	_	_	@smg1971m-words#00:47:49.913#00:47:50.168
636	считаете	считать	VERB	_	Aspect=Imp|Mood=Ind|Number=Plur|Person=2|Tense=Pres|VerbForm=Fin|Voice=Act	_	_	_	@smg1971m-words#00:47:50.168#00:47:50.423
637	ли	ли	PART	_	_	_	_	_	@smg1971m-words#00:47:50.423#00:47:50.678
638	что	что	SCONJ	_	_	_	_	_	@smg1971m-words#00:47:50.678#00:47:50.933
639	из	из	ADP	_	_	_	_	_	@smg1971m-words#00:47:50.933#00:47:51.188
640	этого	этот	DET	_	Case=Gen|Gender=Masc|Number=Sing	_	_	_	@smg1971m-words#00:47:51.188#00:47:51.443
641	факта	факт	NOUN	_	Animacy=Inan|Case=Gen|Gender=Masc|Number=Sing	_	_	_	@smg1971m-words#00:47:51.443#00:47:51.698
642	следует	следовать	VERB	_	Aspect=Imp|Mood=Ind|Number=Sing|Person=3|Tense=Pres|VerbForm=Fin|Voice=Act	_	_	_	@smg1971m-words#00:47:51.698#00:47:51.953
643	евгенический	евгенический	ADJ	_	Animacy=Inan|Case=Nom|Degree=Pos|Gender=Masc|Number=Sing	_	_	_	@smg1971m-words#00:47:51.953#00:47:52.208
644	вывод	вывод	NOUN	_	Animacy=Inan|Case=Nom|Gender=Masc|Number=Sing	_	_	_	@smg1971m-words#00:47:52.208#00:47:52.463
645	/	/	PUNCT	_	_	_	_	_	@smg1971m-words#00:47:52.463#00:47:52.718
646	что	что	SCONJ	_	_	_	_	_	@smg1971m-words#00:47:52.718#00:47:52.973
647	люди	человек	NOUN	_	Animacy=Anim|Case=Nom|Gender=Masc|Number=Plur	_	_	_	@smg1971m-words#00:47:52.973#00:47:53.228
648	будут	быть	AUX	_	Aspect=Imp|Mood=Ind|Number=Plur|Person=3|Tense=Fut|VerbForm=Fin|Voice=Act	_	_	_	@smg1971m-words#00:47:53.228#00:47:53.500
649	выбирать	выбирать	VERB	_	Aspect=Imp|VerbForm=Inf|Voice=Act	_	_	_	@smg1971m-words#00:47:53.903#00:47:54.119
650	пол	пол	NOUN	_	Animacy=Inan|Case=Acc|Gender=Masc|Number=Sing	_	_	_	@smg1971m-words#00:47:54.119#00:47:54.335
651	ребёнка	ребенок	NOUN	_	Animacy=Anim|Case=Gen|Gender=Masc|Number=Sing	_	_	_	@smg1971m-words#00:47:54.335#00:47:54.551
652	?	?	PUNCT	_	_	_	_	_	@smg1971m-words#00:47:54.551#00:47:54.767
653	/	/	PUNCT	_	_	_	_	_	@smg1971m-words#00:47:54.767#00:47:54.983
654	в	в	ADP	_	_	_	_	_	@smg1971m-words#00:47:54.983#00:47:55.199
655	некоторых	некоторый	DET	_	Case=Loc|Number=Plur	_	_	_	@smg1971m-words#00:47:55.199#00:47:55.415
656	странах	страна	NOUN	_	Animacy=Inan|Case=Loc|Gender=Fem|Number=Plur	_	_	_	@smg1971m-words#00:47:55.415#00:47:55.631
657	так	так	ADV	_	Degree=Pos	_	_	_	@smg1971m-words#00:47:55.631#00:47:55.847
658	и	и	PART	_	_	_	_	_	@smg1971m-words#00:47:55.847#00:47:56.063
659	происходит	происходить	VERB	_	Aspect=Imp|Mood=Ind|Number=Sing|Person=3|Tense=Pres|VerbForm=Fin|Voice=Act	_	_	_	@smg1971m-words#00:47:56.063#00:47:56.283
660	когда	когда	SCONJ	_	_	_	_	_	@smg1971m-words#00:47:56.803#00:47:57.086
661	вы	вы	PRON	_	Case=Nom|Number=Plur|Person=2	_	_	_	@smg1971m-words#00:47:57.086#00:47:57.369
662	говорите	говорить	VERB	_	Aspect=Imp|Mood=Ind|Number=Plur|Person=2|Tense=Pres|VerbForm=Fin|Voice=Act	_	_	_	@smg1971m-words#00:47:57.369#00:47:57.652
663	про	про	ADP	_	_	_	_	_	@smg1971m-words#00:47:57.652#00:47:57.935
664	Китай	Китай	PROPN	_	Animacy=Inan|Case=Acc|Gender=Masc|Number=Sing	_	_	_	@smg1971m-words#00:47:57.935#00:47:58.221
665	когда	когда	SCONJ	_	_	_	_	_	@smg1971m-words#00:47:58.445#00:47:58.657
666	у	у	ADP	_	_	_	_	_	@smg1971m-words#00:47:58.657#00:47:58.869
667	вас	вы	PRON	_	Case=Gen|Number=Plur|Person=2	_	_	_	@smg1971m-words#00:47:58.869#00:47:59.081
668	есть	быть	VERB	_	Aspect=Imp|Mood=Ind|Number=Sing|Person=3|Tense=Pres|VerbForm=Fin|Voice=Act	_	_	_	@smg1971m-words#00:47:59.081#00:47:59.293
669	ограничение	ограничение	NOUN	_	Animacy=Inan|Case=Nom|Gender=Neut|Number=Sing	_	_	_	@smg1971m-words#00:47:59.293#00:47:59.505
670	на	на	ADP	_	_	_	_	_	@smg1971m-words#00:47:59.505#00:47:59.717
671	одного	один	NUM	_	Animacy=Anim|Case=Acc|Gender=Masc	_	_	_	@smg1971m-words#00:47:59.717#00:47:59.929
672	ребенка	ребенок	NOUN	_	Animacy=Anim|Case=Acc|Gender=Masc|Number=Sing	_	_	_	@smg1971m-words#00:47:59.929#00:48:00.141
673	/	/	PUNCT	_	_	_	_	_	@smg1971m-words#00:48:00.141#00:48:00.353
674	слава	слава	NOUN	_	Animacy=Inan|Case=Nom|Gender=Fem|Number=Sing	_	_	_	@smg1971m-words#00:48:00.353#00:48:00.565
675	богу	бог	NOUN	_	Animacy=Anim|Case=Dat|Gender=Masc|Number=Sing	_	_	_	@smg1971m-words#00:48:00.565#00:48:00.777
676	оно	оно	PRON	_	Case=Nom|Gender=Neut|Number=Sing|Person=3	_	_	_	@smg1971m-words#00:48:00.777#00:48:00.989
677	отменено	отменить	VERB	_	Aspect=Perf|Gender=Neut|Number=Sing|Tense=Past|Variant=Short|VerbForm=Part|Voice=Pass	_	_	_	@smg1971m-words#00:48:00.989#00:48:01.204
678	вы	вы	PRON	_	Case=Nom|Number=Plur|Person=2	_	_	_	@smg1971m-words#00:48:01.609#00:48:02.015
679	получаете	получать	VERB	_	Aspect=Imp|Mood=Ind|Number=Plur|Person=2|Tense=Pres|VerbForm=Fin|Voice=Act	_	_	_	@smg1971m-words#00:48:02.015#00:48:02.422
680	факт	факт	NOUN	_	Animacy=Inan|Case=Acc|Gender=Masc|Number=Sing	_	_	_	@smg1971m-words#00:48:02.721#00:48:03.060
681	в	в	ADP	_	_	_	_	_	@smg1971m-words#00:48:03.698#00:48:03.959
682	том	тот	DET	_	Case=Loc|Gender=Masc|Number=Sing	_	_	_	@smg1971m-words#00:48:03.959#00:48:04.220
683	что	что	SCONJ	_	_	_	_	_	@smg1971m-words#00:48:04.220#00:48:04.481
684	/	/	PUNCT	_	_	_	_	_	@smg1971m-words#00:48:04.481#00:48:04.742
685	в	в	ADP	_	_	_	_	_	@smg1971m-words#00:48:04.742#00:48:05.003
686	целом	целое	ADJ	_	Case=Loc|Degree=Pos|Gender=Neut|Number=Sing	_	_	_	@smg1971m-words#00:48:05.003#00:48:05.264
687	поколении	поколение	NOUN	_	Animacy=Inan|Case=Loc|Gender=Neut|Number=Sing	_	_	_	@smg1971m-words#00:48:05.264#00:48:05.525
688	мальчиков	мальчик	NOUN	_	Animacy=Anim|Case=Gen|Gender=Masc|Number=Plur	_	_	_	@smg1971m-words#00:48:05.525#00:48:05.786
689	больше	более	ADV	_	Degree=Cmp	_	_	_	@smg1971m-words#00:48:05.786#00:48:06.047
690	чем	чем	SCONJ	_	_	_	_	_	@smg1971m-words#00:48:06.047#00:48:06.308
691	девочек	девочка	NOUN	_	Animacy=Anim|Case=Gen|Gender=Fem|Number=Plur	_	_	_	@smg1971m-words#00:48:06.308#00:48:06.570
692	теперь	теперь	ADV	_	Degree=Pos	_	_	_	@smg1971m-words#00:48:07.271#00:48:07.462
693	они	они	PRON	_	Case=Nom|Number=Plur|Person=3	_	_	_	@smg1971m-words#00:48:07.462#00:48:07.653
694	не	не	PART	_	_	_	_	_	@smg1971m-words#00:48:07.653#00:48:07.844
695	могут	мочь	VERB	_	Aspect=Imp|Mood=Ind|Number=Plur|Person=3|Tense=Pres|VerbForm=Fin|Voice=Act	_	_	_	@smg1971m-words#00:48:07.844#00:48:08.035
696	найти	найти	VERB	_	Aspect=Perf|VerbForm=Inf|Voice=Act	_	_	_	@smg1971m-words#00:48:08.035#00:48:08.226
697	себе	себя	PRON	_	Case=Dat	_	_	_	@smg1971m-words#00:48:08.226#00:48:08.417
698	пару	пара	NOUN	_	Animacy=Inan|Case=Acc|Gender=Fem|Number=Sing	_	_	_	@smg1971m-words#00:48:08.417#00:48:08.609
699	но	но	CCONJ	_	_	_	_	_	@smg1971m-words#00:48:09.330#00:48:09.522
700	в	в	ADP	_	_	_	_	_	@smg1971m-words#00:48:09.522#00:48:09.714
701	целом	целое	NOUN	_	Animacy=Inan|Case=Loc|Gender=Neut|Number=Sing	_	_	_	@smg1971m-words#00:48:09.714#00:48:09.906
702	мы	мы	PRON	_	Case=Nom|Number=Plur|Person=1	_	_	_	@smg1971m-words#00:48:09.906#00:48:10.098
703	видим	видеть	VERB	_	Aspect=Imp|Mood=Ind|Number=Plur|Person=1|Tense=Pres|VerbForm=Fin|Voice=Act	_	_	_	@smg1971m-words#00:48:10.098#00:48:10.290
704	/	/	PUNCT	_	_	_	_	_	@smg1971m-words#00:48:10.290#00:48:10.482
705	что	что	SCONJ	_	_	_	_	_	@smg1971m-words#00:48:10.482#00:48:10.674
706	действительно	действительно	ADV	_	Degree=Pos	_	_	_	@smg1971m-words#00:48:10.674#00:48:10.866
707	есть	быть	VERB	_	Aspect=Imp|Mood=Ind|Number=Sing|Person=3|Tense=Pres|VerbForm=Fin|Voice=Act	_	_	_	@smg1971m-words#00:48:10.866#00:48:11.058
708	такой	такой	DET	_	Case=Nom|Gender=Masc|Number=Sing	_	_	_	@smg1971m-words#00:48:11.058#00:48:11.250
709	факт	факт	NOUN	_	Animacy=Inan|Case=Nom|Gender=Masc|Number=Sing	_	_	_	@smg1971m-words#00:48:11.250#00:48:11.448
710	пропавшие	пропасть	VERB	_	Aspect=Perf|Case=Nom|Number=Plur|Tense=Past|VerbForm=Part|Voice=Act	_	_	_	@smg1971m-words#00:48:11.966#00:48:12.441
711	девочки	девочка	NOUN	_	Animacy=Anim|Case=Nom|Gender=Fem|Number=Plur	_	_	_	@smg1971m-words#00:48:12.441#00:48:12.916
712	у	у	ADP	_	_	_	_	_	@smg1971m-words#00:48:13.060#00:48:13.318
713	целого	целый	ADJ	_	Case=Gen|Degree=Pos|Gender=Neut|Number=Sing	_	_	_	@smg1971m-words#00:48:13.318#00:48:13.576
714	поколения	поколение	NOUN	_	Animacy=Inan|Case=Gen|Gender=Neut|Number=Sing	_	_	_	@smg1971m-words#00:48:13.576#00:48:13.834
715	во	в	ADP	_	_	_	_	_	@smg1971m-words#00:48:13.834#00:48:14.092
716	многих	много	ADJ	_	Case=Loc|Degree=Pos|Number=Plur	_	_	_	@smg1971m-words#00:48:14.092#00:48:14.350
717	странах	страна	NOUN	_	Animacy=Inan|Case=Loc|Gender=Fem|Number=Plur	_	_	_	@smg1971m-words#00:48:14.350#00:48:14.608
718	нет	нет	VERB	_	Aspect=Imp|Mood=Ind|Number=Sing|Person=3|Tense=Pres|VerbForm=Fin|Voice=Act	_	_	_	@smg1971m-words#00:48:14.608#00:48:14.866
719	нет	нет	VERB	_	Aspect=Imp|Mood=Ind|Number=Sing|Person=3|Tense=Pres|VerbForm=Fin|Voice=Act	_	_	_	@smg1971m-words#00:48:14.866#00:48:15.124
720	девочек	девочка	NOUN	_	Animacy=Anim|Case=Gen|Gender=Fem|Number=Plur	_	_	_	@smg1971m-words#00:48:15.124#00:48:15.388
721	конечно	конечно	ADV	_	Degree=Pos	_	_	_	@smg1971m-words#00:48:15.599#00:48:15.873
722	это	это	PART	_	_	_	_	_	@smg1971m-words#00:48:15.873#00:48:16.147
723	не	не	PART	_	_	_	_	_	@smg1971m-words#00:48:16.147#00:48:16.421
724	вопрос	вопрос	NOUN	_	Animacy=Inan|Case=Nom|Gender=Masc|Number=Sing	_	_	_	@smg1971m-words#00:48:16.421#00:48:16.695
725	к	к	ADP	_	_	_	_	_	@smg1971m-words#00:48:16.695#00:48:16.969
726	тому	то	PRON	_	Animacy=Inan|Case=Dat|Gender=Neut|Number=Sing	_	_	_	@smg1971m-words#00:48:16.969#00:48:17.244
727	что	что	SCONJ	_	_	_	_	_	@smg1971m-words#00:48:17.640#00:48:17.894
728	женщины	женщина	NOUN	_	Animacy=Anim|Case=Nom|Gender=Fem|Number=Plur	_	_	_	@smg1971m-words#00:48:17.894#00:48:18.148
729	лучше	хороший	ADJ	_	Degree=Cmp	_	_	_	@smg1971m-words#00:48:18.148#00:48:18.402
730	или	или	CCONJ	_	_	_	_	_	@smg1971m-words#00:48:18.402#00:48:18.656
731	хуже	плохой	ADJ	_	Degree=Cmp	_	_	_	@smg1971m-words#00:48:18.656#00:48:18.910
732	мужчин	мужчина	NOUN	_	Animacy=Anim|Case=Gen|Gender=Masc|Number=Plur	_	_	_	@smg1971m-words#00:48:18.910#00:48:19.164
733	это	это	PART	_	_	_	_	_	@smg1971m-words#00:48:19.164#00:48:19.418
734	вопрос	вопрос	NOUN	_	Animacy=Inan|Case=Nom|Gender=Masc|Number=Sing	_	_	_	@smg1971m-words#00:48:19.418#00:48:19.672
735	к	к	ADP	_	_	_	_	_	@smg1971m-words#00:48:19.672#00:48:19.926
736	тому	то	PRON	_	Animacy=Inan|Case=Dat|Gender=Neut|Number=Sing	_	_	_	@smg1971m-words#00:48:19.926#00:48:20.180
737	/	/	PUNCT	_	_	_	_	_	@smg1971m-words#00:48:20.180#00:48:20.434
738	что	что	SCONJ	_	_	_	_	_	@smg1971m-words#00:48:20.434#00:48:20.688
739	общество	общество	NOUN	_	Animacy=Inan|Case=Nom|Gender=Neut|Number=Sing	_	_	_	@smg1971m-words#00:48:20.688#00:48:20.942
740	/	/	PUNCT	_	_	_	_	_	@smg1971m-words#00:48:20.942#00:48:21.196
741	дискриминирует	дискриминировать	VERB	_	Aspect=Imp|Mood=Ind|Number=Sing|Person=3|Tense=Pres|VerbForm=Fin|Voice=Act	_	_	_	@smg1971m-words#00:48:21.196#00:48:21.450
742	женщин	женщина	NOUN	_	Animacy=Anim|Case=Acc|Gender=Fem|Number=Plur	_	_	_	@smg1971m-words#00:48:21.450#00:48:21.706
743	и	и	CCONJ	_	_	_	_	_	@smg1971m-words#00:48:22.309#00:48:22.539
744	поэтому	поэтому	ADV	_	Degree=Pos	_	_	_	@smg1971m-words#00:48:22.539#00:48:22.769
745	нужно	нужный	PRED	_	_	_	_	_	@smg1971m-words#00:48:23.137#00:48:23.219
746	с	с	ADP	_	_	_	_	_	@smg1971m-words#00:48:23.219#00:48:23.301
747	этим	это	PRON	_	Animacy=Inan|Case=Ins|Gender=Neut|Number=Sing	_	_	_	@smg1971m-words#00:48:23.301#00:48:23.383
748	что-то	что-то	PRON	_	Case=Acc	_	_	_	@smg1971m-words#00:48:23.383#00:48:23.465
749	делать	делать	VERB	_	Aspect=Imp|VerbForm=Inf|Voice=Act	_	_	_	@smg1971m-words#00:48:23.465#00:48:23.547
750	с	с	ADP	_	_	_	_	_	@smg1971m-words#00:48:23.547#00:48:23.629
751	этим	это	PRON	_	Animacy=Inan|Case=Ins|Gender=Neut|Number=Sing	_	_	_	@smg1971m-words#00:48:23.629#00:48:23.711
752	можно	можно	PRED	_	_	_	_	_	@smg1971m-words#00:48:23.711#00:48:23.793
753	что-то	что-то	PRON	_	Case=Acc	_	_	_	@smg1971m-words#00:48:23.793#00:48:23.875
754	сделать	делать	VERB	_	Aspect=Perf|VerbForm=Inf|Voice=Act	_	_	_	@smg1971m-words#00:48:23.875#00:48:23.962
755	с	с	ADP	_	_	_	_	_	@smg1971m-words#00:48:24.434#00:48:24.647
756	этим	это	PRON	_	Animacy=Inan|Case=Ins|Gender=Neut|Number=Sing	_	_	_	@smg1971m-words#00:48:24.647#00:48:24.860
757	можно	можно	PRED	_	_	_	_	_	@smg1971m-words#00:48:24.860#00:48:25.073
758	что-то	что-то	PRON	_	Case=Acc	_	_	_	@smg1971m-words#00:48:25.073#00:48:25.286
759	сделать	делать	VERB	_	Aspect=Perf|VerbForm=Inf|Voice=Act	_	_	_	@smg1971m-words#00:48:25.286#00:48:25.499
760	/	/	PUNCT	_	_	_	_	_	@smg1971m-words#00:48:25.499#00:48:25.712
761	и	и	CCONJ	_	_	_	_	_	@smg1971m-words#00:48:25.712#00:48:25.925
762	с	с	ADP	_	_	_	_	_	@smg1971m-words#00:48:25.925#00:48:26.138
763	этим	это	PRON	_	Animacy=Inan|Case=Ins|Gender=Neut|Number=Sing	_	_	_	@smg1971m-words#00:48:26.138#00:48:26.351
764	будет	быть	AUX	_	Aspect=Imp|Mood=Ind|Number=Sing|Person=3|Tense=Fut|VerbForm=Fin|Voice=Act	_	_	_	@smg1971m-words#00:48:26.351#00:48:26.564
765	что-то	что-то	PRON	_	Case=Nom	_	_	_	@smg1971m-words#00:48:26.564#00:48:26.777
766	сделано	делать	VERB	_	Aspect=Perf|Gender=Neut|Number=Sing|Tense=Past|Variant=Short|VerbForm=Part|Voice=Pass	_	_	_	@smg1971m-words#00:48:26.777#00:48:27.000
767	и	и	CCONJ	_	_	_	_	_	@smg1971m-words#00:48:27.272#00:48:27.408
768	в	в	ADP	_	_	_	_	_	@smg1971m-words#00:48:27.408#00:48:27.544
769	чём	что	PRON	_	Case=Loc	_	_	_	@smg1971m-words#00:48:27.544#00:48:27.682
770	отличие	отличие	NOUN	_	Animacy=Inan|Case=Nom|Gender=Neut|Number=Sing	_	_	_	@smg1971m-words#00:48:28.285#00:48:28.640
771	той	тот	DET	_	Case=Gen|Gender=Fem|Number=Sing	_	_	_	@smg1971m-words#00:48:28.640#00:48:28.995
772	науки	наука	NOUN	_	Animacy=Inan|Case=Gen|Gender=Fem|Number=Sing	_	_	_	@smg1971m-words#00:48:28.995#00:48:29.350
773	которой	который	PRON	_	Case=Gen|Gender=Fem	_	_	_	@smg1971m-words#00:48:29.350#00:48:29.705
774	занимаюсь	заниматься	VERB	_	Aspect=Imp|Mood=Ind|Number=Sing|Person=1|Tense=Pres|VerbForm=Fin|Voice=Mid	_	_	_	@smg1971m-words#00:48:29.705#00:48:30.060
775	я	я	PRON	_	Case=Nom|Number=Sing|Person=1	_	_	_	@smg1971m-words#00:48:30.060#00:48:30.415
776	/	/	PUNCT	_	_	_	_	_	@smg1971m-words#00:48:30.415#00:48:30.770
777	мы	мы	PRON	_	Case=Nom|Number=Plur|Person=1	_	_	_	@smg1971m-words#00:48:30.770#00:48:31.125
778	смотрим	смотреть	VERB	_	Aspect=Imp|Mood=Ind|Number=Plur|Person=1|Tense=Pres|VerbForm=Fin|Voice=Act	_	_	_	@smg1971m-words#00:48:31.125#00:48:31.480
779	на	на	ADP	_	_	_	_	_	@smg1971m-words#00:48:31.480#00:48:31.835
780	закономерности	закономерность	NOUN	_	Animacy=Inan|Case=Acc|Gender=Fem|Number=Plur	_	_	_	@smg1971m-words#00:48:31.835#00:48:32.190
781	/	/	PUNCT	_	_	_	_	_	@smg1971m-words#00:48:32.190#00:48:32.545
782	на	на	ADP	_	_	_	_	_	@smg1971m-words#00:48:32.545#00:48:32.900
783	статистические	статистический	ADJ	_	Animacy=Inan|Case=Acc|Degree=Pos|Number=Plur	_	_	_	@smg1971m-words#00:48:32.900#00:48:33.255
784	закономерности	закономерность	NOUN	_	Animacy=Inan|Case=Acc|Gender=Fem|Number=Plur	_	_	_	@smg1971m-words#00:48:33.255#00:48:33.610
785	/	/	PUNCT	_	_	_	_	_	@smg1971m-words#00:48:33.610#00:48:33.965
786	исключения	исключение	NOUN	_	Animacy=Inan|Case=Nom|Gender=Neut|Number=Plur	_	_	_	@smg1971m-words#00:48:33.965#00:48:34.320
787	бывают	бывать	VERB	_	Aspect=Imp|Mood=Ind|Number=Plur|Person=3|Tense=Pres|VerbForm=Fin|Voice=Act	_	_	_	@smg1971m-words#00:48:34.320#00:48:34.675
788	но	но	CCONJ	_	_	_	_	_	@smg1971m-words#00:48:34.675#00:48:35.030
789	в	в	ADP	_	_	_	_	_	@smg1971m-words#00:48:35.030#00:48:35.385
790	среднем	среднее	NOUN	_	Animacy=Inan|Case=Loc|Gender=Neut|Number=Sing	_	_	_	@smg1971m-words#00:48:35.385#00:48:35.740
791	/	/	PUNCT	_	_	_	_	_	@smg1971m-words#00:48:35.740#00:48:36.095
792	есть	быть	VERB	_	Aspect=Imp|Mood=Ind|Number=Plur|Person=3|Tense=Pres|VerbForm=Fin|Voice=Act	_	_	_	@smg1971m-words#00:48:36.095#00:48:36.450
793	статистические	статистический	ADJ	_	Case=Nom|Degree=Pos|Number=Plur	_	_	_	@smg1971m-words#00:48:36.450#00:48:36.805
794	/	/	PUNCT	_	_	_	_	_	@smg1971m-words#00:48:36.805#00:48:37.160
795	закономерности	закономерность	NOUN	_	Animacy=Inan|Case=Nom|Gender=Fem|Number=Plur	_	_	_	@smg1971m-words#00:48:37.160#00:48:37.523
796	и	и	CCONJ	_	_	_	_	_	@smg1971m-words#00:48:37.946#00:48:38.245
797	статистичесткие	статистичесткий	ADJ	_	Case=Nom|Degree=Pos|Number=Plur	_	_	_	@smg1971m-words#00:48:38.245#00:48:38.544
798	закономерности	закономерность	NOUN	_	Animacy=Inan|Case=Nom|Gender=Fem|Number=Plur	_	_	_	@smg1971m-words#00:48:38.544#00:48:38.843
799	заключаются	заключаться	VERB	_	Aspect=Imp|Mood=Ind|Number=Plur|Person=3|Tense=Pres|VerbForm=Fin|Voice=Mid	_	_	_	@smg1971m-words#00:48:38.843#00:48:39.142
800	в	в	ADP	_	_	_	_	_	@smg1971m-words#00:48:39.142#00:48:39.441
801	том	то	PRON	_	Animacy=Inan|Case=Loc|Gender=Neut|Number=Sing	_	_	_	@smg1971m-words#00:48:39.441#00:48:39.740
802	что	что	SCONJ	_	_	_	_	_	@smg1971m-words#00:48:39.740#00:48:40.039
803	более	более	ADV	_	Degree=Cmp	_	_	_	@smg1971m-words#00:48:40.039#00:48:40.338
804	высокие	высокий	ADJ	_	Case=Nom|Degree=Pos|Number=Plur	_	_	_	@smg1971m-words#00:48:40.338#00:48:40.637
805	люди	человек	NOUN	_	Animacy=Anim|Case=Nom|Gender=Masc|Number=Plur	_	_	_	@smg1971m-words#00:48:40.637#00:48:40.936
806	зарабатывают	зарабатывать	VERB	_	Aspect=Imp|Mood=Ind|Number=Plur|Person=3|Tense=Pres|VerbForm=Fin|Voice=Act	_	_	_	@smg1971m-words#00:48:40.936#00:48:41.235
807	больше	больше	ADV	_	Degree=Cmp	_	_	_	@smg1971m-words#00:48:41.235#00:48:41.534
808	денег	деньги	NOUN	_	Animacy=Inan|Case=Gen|Gender=Fem|Number=Plur	_	_	_	@smg1971m-words#00:48:41.534#00:48:41.844
809	более	более	ADV	_	Degree=Cmp	_	_	_	@smg1971m-words#00:48:42.237#00:48:42.531
810	красивые	красивый	ADJ	_	Case=Nom|Degree=Pos|Number=Plur	_	_	_	@smg1971m-words#00:48:42.531#00:48:42.825
811	люди	человек	NOUN	_	Animacy=Anim|Case=Nom|Gender=Masc|Number=Plur	_	_	_	@smg1971m-words#00:48:42.825#00:48:43.119
812	зарабатывают	зарабатывать	VERB	_	Aspect=Imp|Mood=Ind|Number=Plur|Person=3|Tense=Pres|VerbForm=Fin|Voice=Act	_	_	_	@smg1971m-words#00:48:43.119#00:48:43.413
813	больше	больше	ADV	_	Degree=Cmp	_	_	_	@smg1971m-words#00:48:43.413#00:48:43.707
814	денег	деньги	NOUN	_	Animacy=Inan|Case=Gen|Gender=Fem|Number=Plur	_	_	_	@smg1971m-words#00:48:43.707#00:48:44.001
815	/	/	PUNCT	_	_	_	_	_	@smg1971m-words#00:48:44.001#00:48:44.295
816	мужчины	мужчина	NOUN	_	Animacy=Anim|Case=Nom|Gender=Masc|Number=Plur	_	_	_	@smg1971m-words#00:48:44.295#00:48:44.589
817	зарабатывают	зарабатывать	VERB	_	Aspect=Imp|Mood=Ind|Number=Plur|Person=3|Tense=Pres|VerbForm=Fin|Voice=Act	_	_	_	@smg1971m-words#00:48:44.589#00:48:44.883
818	больше	больше	ADV	_	Degree=Cmp	_	_	_	@smg1971m-words#00:48:44.883#00:48:45.177
819	чем	чем	SCONJ	_	_	_	_	_	@smg1971m-words#00:48:45.177#00:48:45.471
820	женщины	женщина	NOUN	_	Animacy=Anim|Case=Nom|Gender=Fem|Number=Plur	_	_	_	@smg1971m-words#00:48:45.471#00:48:45.774
821	и	и	CCONJ	_	_	_	_	_	@smg1971m-words#00:48:46.141#00:48:46.293
822	так	так	ADV	_	Degree=Pos	_	_	_	@smg1971m-words#00:48:46.293#00:48:46.445
823	далее	далее	ADV	_	Degree=Pos	_	_	_	@smg1971m-words#00:48:46.445#00:48:46.597
824	и	и	CCONJ	_	_	_	_	_	@smg1971m-words#00:48:46.597#00:48:46.749
825	тому	то	PRON	_	Animacy=Inan|Case=Dat|Gender=Neut|Number=Sing	_	_	_	@smg1971m-words#00:48:46.749#00:48:46.901
826	подобное	подобный	ADJ	_	Case=Nom|Degree=Pos|Gender=Neut|Number=Sing	_	_	_	@smg1971m-words#00:48:46.901#00:48:47.057
827	есть	быть	VERB	_	Aspect=Imp|Mood=Ind|Number=Sing|Person=3|Tense=Pres|VerbForm=Fin|Voice=Act	_	_	_	@smg1971m-words#00:48:47.490#00:48:47.869
828	много	много	ADV	_	Degree=Pos	_	_	_	@smg1971m-words#00:48:47.869#00:48:48.248
829	эаэ	эаэ	INTJ	_	_	_	_	_	@smg1971m-words#00:48:48.700#00:48:48.860
830	несправедливостей	несправедливость	NOUN	_	Animacy=Inan|Case=Gen|Gender=Fem|Number=Plur	_	_	_	@smg1971m-words#00:48:49.106#00:48:49.498
831	в	в	ADP	_	_	_	_	_	@smg1971m-words#00:48:49.498#00:48:49.890
832	сегодняшнем	сегодняшний	ADJ	_	Case=Loc|Degree=Pos|Gender=Masc|Number=Sing	_	_	_	@smg1971m-words#00:48:49.890#00:48:50.282
833	мире	мир	NOUN	_	Animacy=Inan|Case=Loc|Gender=Masc|Number=Sing	_	_	_	@smg1971m-words#00:48:50.282#00:48:50.677
834	конечно	конечно	ADV	_	Degree=Pos	_	_	_	@smg1971m-words#00:48:52.372#00:48:52.816
835	#смех#	#смех#	X	_	_	_	_	_	@smg1971m-words#00:48:55.788#00:48:56.732
836	ну	ну	PART	_	_	_	_	_	@smg1971m-words#00:48:56.836#00:48:57.131
837	такая	такой	DET	_	Case=Nom|Gender=Fem|Number=Sing	_	_	_	@smg1971m-words#00:48:57.131#00:48:57.426
838	идея	идея	NOUN	_	Animacy=Inan|Case=Nom|Gender=Fem|Number=Sing	_	_	_	@smg1971m-words#00:48:57.426#00:48:57.721
839	есть	быть	VERB	_	Aspect=Imp|Mood=Ind|Number=Sing|Person=3|Tense=Pres|VerbForm=Fin|Voice=Act	_	_	_	@smg1971m-words#00:48:57.721#00:48:58.018
840	ааа	аа	INTJ	_	_	_	_	_	@smg1971m-words#00:48:58.542#00:48:58.824
841	/	/	PUNCT	_	_	_	_	_	@smg1971m-words#00:48:58.824#00:48:59.106
842	но	но	CCONJ	_	_	_	_	_	@smg1971m-words#00:48:59.106#00:48:59.388
843	/	/	PUNCT	_	_	_	_	_	@smg1971m-words#00:48:59.388#00:48:59.670
844	эээ	эээ	INTJ	_	_	_	_	_	@smg1971m-words#00:48:59.670#00:48:59.954
845	это	это	PART	_	_	_	_	_	@smg1971m-words#00:49:00.282#00:49:00.636
846	/	/	PUNCT	_	_	_	_	_	@smg1971m-words#00:49:00.636#00:49:00.990
847	скорее	скорее	ADV	_	Degree=Pos	_	_	_	@smg1971m-words#00:49:00.990#00:49:01.344
848	такой	такой	DET	_	Case=Nom|Gender=Masc|Number=Sing	_	_	_	@smg1971m-words#00:49:01.344#00:49:01.698
849	курьёз	курьёз	NOUN	_	Animacy=Inan|Case=Nom|Gender=Masc|Number=Sing	_	_	_	@smg1971m-words#00:49:01.698#00:49:02.056
850	понимаете	понимать	VERB	_	Aspect=Imp|Mood=Ind|Number=Plur|Person=2|Tense=Pres|VerbForm=Fin|Voice=Act	_	_	_	@smg1971m-words#00:49:02.389#00:49:02.753
851	ну	ну	PART	_	_	_	_	_	@smg1971m-words#00:49:04.101#00:49:04.326
852	/	/	PUNCT	_	_	_	_	_	@smg1971m-words#00:49:04.326#00:49:04.551
853	серьёзно	серьёзно	ADV	_	Degree=Pos	_	_	_	@smg1971m-words#00:49:04.551#00:49:04.776
854	нет	нет	VERB	_	Aspect=Imp|Mood=Ind|Number=Sing|Person=3|Tense=Pres|VerbForm=Fin|Voice=Act	_	_	_	@smg1971m-words#00:49:04.776#00:49:05.002
855	это	это	PART	_	_	_	_	_	@smg1971m-words#00:49:05.231#00:49:05.527
856	такой	такой	DET	_	Case=Nom|Gender=Masc|Number=Sing	_	_	_	@smg1971m-words#00:49:05.527#00:49:05.823
857	курьёз	курьёз	NOUN	_	Animacy=Inan|Case=Nom|Gender=Masc|Number=Sing	_	_	_	@smg1971m-words#00:49:05.823#00:49:06.119
858	который	который	PRON	_	Case=Nom|Gender=Masc	_	_	_	@smg1971m-words#00:49:06.119#00:49:06.415
859	говорит	говорить	VERB	_	Aspect=Imp|Mood=Ind|Number=Sing|Person=3|Tense=Pres|VerbForm=Fin|Voice=Act	_	_	_	@smg1971m-words#00:49:06.415#00:49:06.711
860	о	о	ADP	_	_	_	_	_	@smg1971m-words#00:49:06.711#00:49:07.007
861	том	то	PRON	_	Animacy=Inan|Case=Loc|Gender=Neut|Number=Sing	_	_	_	@smg1971m-words#00:49:07.007#00:49:07.303
862	что	что	SCONJ	_	_	_	_	_	@smg1971m-words#00:49:07.303#00:49:07.599
863	вот	вот	PART	_	_	_	_	_	@smg1971m-words#00:49:07.599#00:49:07.895
864	есть	быть	VERB	_	Aspect=Imp|Mood=Ind|Number=Sing|Person=3|Tense=Pres|VerbForm=Fin|Voice=Act	_	_	_	@smg1971m-words#00:49:07.895#00:49:08.191
865	такая	такой	DET	_	Case=Nom|Gender=Fem|Number=Sing	_	_	_	@smg1971m-words#00:49:08.191#00:49:08.487
866	несправедливость	несправедливость	NOUN	_	Animacy=Inan|Case=Nom|Gender=Fem|Number=Sing	_	_	_	@smg1971m-words#00:49:08.487#00:49:08.783
867	давайте	давать	VERB	_	Aspect=Imp|Mood=Imp|Number=Plur|Person=2|VerbForm=Fin|Voice=Act	_	_	_	@smg1971m-words#00:49:08.783#00:49:09.079
868	обложим	обложить	VERB	_	Aspect=Perf|Mood=Ind|Number=Plur|Person=1|Tense=Fut|VerbForm=Fin|Voice=Act	_	_	_	@smg1971m-words#00:49:09.079#00:49:09.375
869	высоких	высокий	ADJ	_	Animacy=Anim|Case=Acc|Degree=Pos|Number=Plur	_	_	_	@smg1971m-words#00:49:09.375#00:49:09.671
870	налогом	налог	NOUN	_	Animacy=Inan|Case=Ins|Gender=Masc|Number=Sing	_	_	_	@smg1971m-words#00:49:09.671#00:49:09.977
871	это	этот	PART	_	_	_	_	_	@smg1971m-words#00:49:10.682#00:49:11.083
872	эээ	эээ	INTJ	_	_	_	_	_	@smg1971m-words#00:49:11.564#00:49:11.867
873	налог	налог	NOUN	_	Animacy=Inan|Case=Nom|Gender=Masc|Number=Sing	_	_	_	@smg1971m-words#00:49:11.867#00:49:12.170
874	эээ	эээ	INTJ	_	_	_	_	_	@smg1971m-words#00:49:12.170#00:49:12.473
875	/	/	PUNCT	_	_	_	_	_	@smg1971m-words#00:49:12.473#00:49:12.776
876	как	как	SCONJ	_	_	_	_	_	@smg1971m-words#00:49:12.776#00:49:13.079
877	сказать	сказать	VERB	_	Aspect=Perf|VerbForm=Inf|Voice=Act	_	_	_	@smg1971m-words#00:49:13.079#00:49:13.382
878	/	/	PUNCT	_	_	_	_	_	@smg1971m-words#00:49:13.382#00:49:13.685
879	как	как	SCONJ	_	_	_	_	_	@smg1971m-words#00:49:13.685#00:49:13.988
880	налог	налог	NOUN	_	Animacy=Inan|Case=Nom|Gender=Masc|Number=Sing	_	_	_	@smg1971m-words#00:49:13.988#00:49:14.291
881	на	на	ADP	_	_	_	_	_	@smg1971m-words#00:49:14.291#00:49:14.594
882	наследство	наследство	NOUN	_	Animacy=Inan|Case=Acc|Gender=Neut|Number=Sing	_	_	_	@smg1971m-words#00:49:14.594#00:49:14.897
883	/	/	PUNCT	_	_	_	_	_	@smg1971m-words#00:49:14.897#00:49:15.200
884	вы	вы	PRON	_	Case=Nom|Number=Plur|Person=2	_	_	_	@smg1971m-words#00:49:15.200#00:49:15.503
885	знаете	знать	VERB	_	Aspect=Imp|Mood=Ind|Number=Plur|Person=2|Tense=Pres|VerbForm=Fin|Voice=Act	_	_	_	@smg1971m-words#00:49:15.503#00:49:15.806
886	/	/	PUNCT	_	_	_	_	_	@smg1971m-words#00:49:15.806#00:49:16.109
887	налог	налог	NOUN	_	Animacy=Inan|Case=Nom|Gender=Masc|Number=Sing	_	_	_	@smg1971m-words#00:49:16.109#00:49:16.412
888	на	на	ADP	_	_	_	_	_	@smg1971m-words#00:49:16.412#00:49:16.715
889	наследство	наследство	NOUN	_	Animacy=Inan|Case=Acc|Gender=Neut|Number=Sing	_	_	_	@smg1971m-words#00:49:16.715#00:49:17.018
890	существует	существовать	VERB	_	Aspect=Imp|Mood=Ind|Number=Sing|Person=3|Tense=Pres|VerbForm=Fin|Voice=Act	_	_	_	@smg1971m-words#00:49:17.018#00:49:17.339
891	если	если	SCONJ	_	_	_	_	_	@smg1971m-words#00:49:17.568#00:49:17.818
892	вы	вы	PRON	_	Case=Nom|Number=Plur|Person=2	_	_	_	@smg1971m-words#00:49:17.818#00:49:18.068
893	родились	рождаться	VERB	_	Aspect=Perf|Mood=Ind|Number=Plur|Tense=Past|VerbForm=Fin|Voice=Mid	_	_	_	@smg1971m-words#00:49:18.068#00:49:18.318
894	в	в	ADP	_	_	_	_	_	@smg1971m-words#00:49:18.318#00:49:18.568
895	богатой	богатый	ADJ	_	Case=Loc|Degree=Pos|Gender=Fem|Number=Sing	_	_	_	@smg1971m-words#00:49:18.568#00:49:18.818
896	семье	семья	NOUN	_	Animacy=Inan|Case=Loc|Gender=Fem|Number=Sing	_	_	_	@smg1971m-words#00:49:18.818#00:49:19.068
897	в	в	ADP	_	_	_	_	_	@smg1971m-words#00:49:19.068#00:49:19.318
898	некоторых	некоторый	DET	_	Case=Loc|Number=Plur	_	_	_	@smg1971m-words#00:49:19.318#00:49:19.568
899	странах	страна	NOUN	_	Animacy=Inan|Case=Loc|Gender=Fem|Number=Plur	_	_	_	@smg1971m-words#00:49:19.568#00:49:19.822
900	вы	вы	PRON	_	Case=Nom|Number=Plur|Person=2	_	_	_	@smg1971m-words#00:49:20.147#00:49:20.415
901	должны	должен	ADJ	_	Degree=Pos|Number=Plur|Variant=Short	_	_	_	@smg1971m-words#00:49:20.415#00:49:20.683
902	заплатить	платить	VERB	_	Aspect=Perf|VerbForm=Inf|Voice=Act	_	_	_	@smg1971m-words#00:49:20.683#00:49:20.953
903	специальный	специальный	ADJ	_	Animacy=Inan|Case=Acc|Degree=Pos|Gender=Masc|Number=Sing	_	_	_	@smg1971m-words#00:49:21.350#00:49:21.656
904	налог	налог	NOUN	_	Animacy=Inan|Case=Acc|Gender=Masc|Number=Sing	_	_	_	@smg1971m-words#00:49:21.656#00:49:21.962
905	когда	когда	SCONJ	_	_	_	_	_	@smg1971m-words#00:49:21.962#00:49:22.268
906	вам	вы	PRON	_	Case=Dat|Number=Plur|Person=2	_	_	_	@smg1971m-words#00:49:22.268#00:49:22.574
907	передадут	передать	VERB	_	Aspect=Perf|Mood=Ind|Number=Plur|Person=3|Tense=Fut|VerbForm=Fin|Voice=Act	_	_	_	@smg1971m-words#00:49:22.574#00:49:22.880
908	наследство	наследство	NOUN	_	Animacy=Inan|Case=Acc|Gender=Neut|Number=Sing	_	_	_	@smg1971m-words#00:49:22.880#00:49:23.188
909	высокий	высокий	ADJ	_	Animacy=Inan|Case=Nom|Degree=Pos|Gender=Masc|Number=Sing	_	_	_	@smg1971m-words#00:49:23.440#00:49:23.704
910	рост	рост	NOUN	_	Animacy=Inan|Case=Nom|Gender=Masc|Number=Sing	_	_	_	@smg1971m-words#00:49:23.704#00:49:23.968
911	в	в	ADP	_	_	_	_	_	@smg1971m-words#00:49:23.968#00:49:24.232
912	сегодняшнем	сегодняшний	ADJ	_	Case=Loc|Degree=Pos|Gender=Masc|Number=Sing	_	_	_	@smg1971m-words#00:49:24.232#00:49:24.496
913	мире	мир	NOUN	_	Animacy=Inan|Case=Loc|Gender=Masc|Number=Sing	_	_	_	@smg1971m-words#00:49:24.496#00:49:24.760
914	/	/	PUNCT	_	_	_	_	_	@smg1971m-words#00:49:24.760#00:49:25.024
915	это	это	PART	_	_	_	_	_	@smg1971m-words#00:49:25.024#00:49:25.288
916	тоже	тоже	PART	_	_	_	_	_	@smg1971m-words#00:49:25.288#00:49:25.555
917	наследство	наследство	NOUN	_	Animacy=Inan|Case=Nom|Gender=Neut|Number=Sing	_	_	_	@smg1971m-words#00:49:25.878#00:49:26.394
918	я	я	PRON	_	Case=Nom|Number=Sing|Person=1	_	_	_	@smg1971m-words#00:49:29.358#00:49:29.600
919	тоже	тоже	PART	_	_	_	_	_	@smg1971m-words#00:49:29.600#00:49:29.843
920	#смех#	#смех#	X	_	_	_	_	_	@smg1971m-words#00:49:30.278#00:49:31.836

